,dividends,original_filing_date,period_end_date,period_end_price,shares_eop,assets_to_equity,assets_to_equity_median,book_value,book_value_per_share,cash_and_equiv_growth,cf_cfo_cagr_10,debt_to_equity,debt_to_equity_median,deposits_cagr_10,deposits_growth,dividends_per_share_cagr_10,dividends_per_share_growth,earning_assets,earning_assets_cagr_10,earning_assets_growth,earning_assets_to_equity,earning_assets_to_equity_median,ebitda,ebitda_growth,ebitda_margin,ebitda_per_share,enterprise_value,enterprise_value_to_book,enterprise_value_to_earnings,enterprise_value_to_fcf,enterprise_value_to_sales,enterprise_value_to_tangible_book,eps_diluted_cagr_10,eps_diluted_growth,equity_to_assets,equity_to_assets_median,fcf,fcf_cagr_10,fcf_growth,fcf_margin,fcf_per_share,income_tax_rate,loan_loss_reserve_to_loans,loan_loss_reserve_to_loans_median,loans_gross_cagr_10,loans_gross_growth,loans_net_growth,loans_to_deposits,loans_to_deposits_median,market_cap,net_debt,net_income_growth,net_income_margin,net_interest_income_cagr_10,net_interest_income_growth,net_interest_margin,nim_median,payout_ratio,peg_ratio,pretax_income_growth,pretax_income_per_share,pretax_margin,pretax_margin_median,price_to_book,price_to_earnings,price_to_fcf,price_to_sales,price_to_tangible_book,revenue_cagr_10,revenue_growth,revenue_per_share,roa,roa_median,roce,roe,roe_median,roic,roic_5yr_avg,roic_legacy,roic_median,shares_diluted_growth,shares_eop_change,shares_eop_growth,tangible_book_per_share,tangible_book_value,total_assets_cagr_10,total_assets_growth,total_equity_cagr_10,total_equity_growth,fiscal_quarter_key,fiscal_quarter_number
0,0.12,2002-04-04,2002-02,82.5,474612000,16.7874,17.3427,18495000000,34.6089,0.4584,0.0,4.0339,4.0235,0.0,0.0,0.0,0.0,131065000000,0.2399,0.2698,7.0865,6.3091,1007000000,-0.3079,0.2798,1.8843,66752490000,3.6092,32.31,44.6803,4.5484,3.6092,-0.0293,-0.3,0.0595,0.0576,-3947000000,0.0,-0.0002,-1.0969,-7.3858,0.3754,0.0,0.0,0.0,0.0,0.0,0.0,0.0,39155490000,67631000000,-0.3177,0.1456,0.0717,0.1195,0.0102,0.0112,0.1224,-6.4586,-0.3335,1.5699,0.2331,0.2662,2.117,18.9523,26.2084,2.6679,2.117,0.0054,-0.2398,6.7327,0.0066,0.0099,0.0364,0.1125,0.1917,0.0229,0.02676936111714,0.0248,0.036,-0.0258,-1617000.0,-0.0033,34.6089,18495000000,0.0276,0.0186,0.0796,0.0606,FY2002.FQ1,1
1,0.12,2002-07-10,2002-05,75.45,470813000,17.3527,17.2792,18858000000,35.5141,0.7476,0.0,3.8874,3.9686,0.0,0.0,0.0,0.0,138985000000,0.0797,0.2372,7.37,6.3135,1086000000,-0.0597,0.282,2.0451,63717840850,3.3788,31.0515,4.472,4.3831,3.3788,-0.0315,0.0,0.0576,0.0578,753000000,0.0,1.0627,0.1955,1.418,0.3751,0.0,0.0,0.0,0.0,0.0,0.0,0.0,35522840850,67007000000,-0.0242,0.1461,0.1213,3.0542,0.0136,0.0112,0.1132,-5.4939,-0.0475,1.6967,0.2339,0.2515,1.8837,17.3113,2.4931,2.4436,1.8837,0.0103,-0.0348,7.2523,0.0064,0.0095,0.0348,0.1098,0.1649,0.0221,0.02676936111714,0.0238,0.0341,-0.0271,-3799000.0,-0.008,35.5141,18858000000,0.027,0.1016,0.0639,0.0467,FY2002.FQ2,2
2,0.12,2002-10-11,2002-08,77.3,478821000,18.5483,17.2792,18844000000,36.2106,-0.2034,0.0,4.1284,3.9686,0.0,0.0,0.0,0.0,137349000000,0.0686,0.1429,7.2887,6.4738,986000000,-0.007,0.2702,1.8946,71085863300,3.7723,33.7539,-5.7981,4.894,3.7723,-0.0549,0.1494,0.0539,0.0578,-16760000000,0.0,-2.7193,-4.593,-32.2059,0.3425,0.0,0.0,0.0,0.0,0.0,0.0,0.0,37012863300,74107000000,0.1153,0.143,0.1205,1.6264,0.0164,0.0115,0.12,-3.1975,0.0352,1.5257,0.2175,0.2355,1.9641,17.5749,-3.0189,2.5482,1.9641,-0.0205,-0.0032,7.0119,0.0062,0.0086,0.0345,0.1117,0.1452,0.0223,0.02676936111714,0.0235,0.0298,-0.0357,8008000.0,0.017,36.2106,18844000000,0.0235,0.1572,0.0543,0.0493,FY2002.FQ3,3
3,0.12,2003-02-27,2002-11,78.87,472941000,18.7114,17.2792,19003000000,36.9061,-0.302,0.0,4.1756,3.9686,0.0,0.0,0.0,0.0,138790000000,0.0829,0.0659,7.3035,6.889,918000000,-0.0496,0.3178,1.7828,71189856670,3.7462,33.6754,-6.4221,5.09,3.7462,-0.0394,0.0645,0.0534,0.0578,8869000000,0.0,0.1527,3.0709,17.2247,0.2976,0.0,0.0,0.0,0.0,0.0,0.0,0.0,37300856670,74527000000,0.016,0.1748,0.0778,0.255,0.0173,0.0115,0.1212,-4.477,-0.0069,1.3963,0.2489,0.2355,1.9628,17.6446,-3.3649,2.667,1.9628,-0.0357,-0.1572,5.6088,0.0059,0.0077,0.0333,0.1117,0.1309,0.0216,0.02676936111714,0.0226,0.0269,-0.0346,-5880000.0,-0.0122,36.9061,19003000000,0.0247,0.1388,0.0478,0.0423,FY2002.FQ4,4
4,0.12,2003-04-10,2003-02,69.45,470555000,19.0615,17.2792,19514000000,38.1132,-0.3424,0.0,4.5645,3.9686,0.0,0.0,0.0,0.0,136912000000,0.0891,0.0446,7.016,7.0513,1207000000,0.1986,0.2882,2.3574,71491044750,3.6635,31.7455,-4.648,4.905,3.6635,-0.0225,0.3163,0.0524,0.0578,-8243000000,0.0,-1.0884,-1.9687,-16.0996,0.3497,0.0,0.0,0.0,0.0,0.0,0.0,0.0,32680044750,84484000000,0.2633,0.1581,0.1231,0.7597,0.0196,0.0115,0.093,-6.4435,0.2133,1.9882,0.2431,0.2355,1.6746,14.5115,-2.1247,2.2421,1.6746,-0.0077,0.1637,8.1777,0.0061,0.007,0.0331,0.1169,0.1222,0.0217,0.02676936111714,0.0228,0.0248,-0.0419,-2386000.0,-0.005,38.1132,19514000000,0.0306,0.198,0.0439,0.055,FY2003.FQ1,1
5,0.12,2003-07-11,2003-05,81.5,467261000,20.1924,17.4162,20042000000,39.2826,0.1437,0.0,4.8441,4.0235,0.0,0.0,0.0,0.0,145498000000,0.0347,0.0468,7.2596,7.1142,1223000000,0.1261,0.3069,2.397,82141771500,4.0984,34.4554,-3.8547,5.5844,4.0984,0.0169,0.283,0.0495,0.0574,-5175000000,0.0,-7.8725,-1.2986,-10.143,0.3304,0.0,0.0,0.0,0.0,0.0,0.0,0.0,38081771500,89879000000,0.2344,0.1744,0.1356,0.2882,0.0205,0.0123,0.0882,9.4443,0.152,2.0344,0.2604,0.2355,1.9,15.9738,-1.7871,2.589,1.9,0.0155,0.0347,7.8106,0.0061,0.0065,0.0316,0.1205,0.1187,0.0211,0.02676936111714,0.0222,0.0226,-0.0391,-3294000.0,-0.007,39.2826,20042000000,0.0359,0.2367,0.0194,0.0627,FY2003.FQ2,2
6,0.25,2003-10-10,2003-08,88.49,473286000,19.2847,17.9505,20438000000,39.9413,0.8002,0.0,4.9509,4.0811,0.0,0.0,0.0761,1.0833,164376000000,0.0476,0.1967,8.0426,7.2008,1150000000,0.1663,0.3031,2.2474,87688078140,4.2904,34.5364,-10.4789,5.9037,4.2904,-0.0058,0.32,0.0518,0.0557,-3819000000,0.0,0.7721,-1.0068,-7.4633,0.3091,0.0,0.0,0.0,0.0,0.0,0.0,0.0,41881078140,94547000000,0.2969,0.1784,0.0958,0.3204,0.0202,0.015,0.1893,-28.1161,0.2342,1.9151,0.2583,0.2355,2.0491,16.4951,-5.0049,2.8197,2.0491,-0.0218,0.0394,7.4125,0.0063,0.0063,0.0314,0.1254,0.1187,0.0212,0.02676936111714,0.0225,0.0222,-0.0167,6025000.0,0.0128,39.9413,20438000000,0.026,0.1276,0.016,0.0845,FY2003.FQ3,3
7,0.25,2004-02-24,2003-11,96.08,473015000,18.6667,18.6075,21632000000,42.1101,0.4697,0.0,4.7006,4.152,0.0,0.0,0.0761,0.0,165920000000,0.0397,0.1954,7.6701,7.2741,2010000000,1.1895,0.4953,3.9127,95842281200,4.4305,31.8942,-5.4471,5.9815,4.4305,0.0595,0.909,0.0535,0.0537,-358000000,0.0,-1.0403,-0.0882,-0.6969,0.3108,0.0,0.0,0.0,0.0,0.0,0.0,0.0,45447281200,94597000000,0.9227,0.2392,0.1444,0.0322,0.019,0.0169,0.1322,2.5403,0.9596,2.7428,0.3472,0.2385,2.1009,15.1238,-2.5829,2.8363,2.1009,0.0016,0.4051,7.8995,0.0075,0.0063,0.0362,0.1428,0.1187,0.0245,0.02676936111714,0.0259,0.0222,-0.0023,-271000.0,-0.0005,42.1101,21632000000,0.0311,0.1356,0.0184,0.1383,FY2003.FQ4,4
8,0.25,2004-04-06,2004-02,105.87,482724000,19.9363,18.6891,22235000000,42.9994,0.5148,0.0,5.3648,4.37,0.0,0.0,0.0761,0.0,178771000000,0.0405,0.3057,8.04,7.2961,2151000000,0.7821,0.3565,4.1597,113290989880,5.0951,31.1581,-4.6156,6.3404,5.0951,0.1113,0.9379,0.0501,0.0535,-15193000000,0.0,-0.8431,-2.5187,-29.3811,0.3297,0.0,0.0,0.0,0.0,0.0,0.0,0.0,51105989880,112338000000,0.9531,0.2143,0.0975,-0.0731,0.0179,0.0176,0.1,1.2625,0.8948,3.7304,0.3197,0.246,2.2984,14.0555,-2.0821,2.8601,2.2984,0.0512,0.4406,11.665,0.0085,0.0063,0.0404,0.1657,0.1187,0.0274,0.02676936111714,0.0289,0.0222,0.0099,9709000.0,0.0205,42.9994,22235000000,0.0391,0.1917,0.0215,0.1394,FY2004.FQ1,1
9,0.25,2004-07-09,2004-05,93.91,480651000,20.2108,18.8865,23152000000,45.0866,0.1155,-0.1052,5.1331,4.6325,0.0,0.0,0.0761,0.0,196460000000,0.0419,0.3502,8.4856,7.3368,1837000000,0.502,0.3258,3.5774,106108935410,4.5831,25.7046,-6.3246,5.4356,4.5831,0.0952,0.6985,0.0494,0.0529,2593000000,-0.103,1.501,0.4599,5.0496,0.3178,0.0,0.0,0.0,0.0,0.0,0.0,0.0,45137935410,110802000000,0.7079,0.2105,0.0312,-0.2249,0.0154,0.0176,0.1082,1.1479,0.6763,3.3885,0.3086,0.2536,1.9496,10.9345,-2.6904,2.3122,1.9496,0.051,0.4148,10.9795,0.009,0.0063,0.0427,0.1819,0.1187,0.0291,0.02676936111714,0.0307,0.0222,0.0064,-2073000.0,-0.0042,45.0866,23152000000,0.0412,0.1562,0.0241,0.1551,FY2004.FQ2,2
10,0.25,2004-10-08,2004-08,89.65,483888000,20.6977,19.1731,23514000000,46.5623,0.1669,0.0,5.5933,4.7724,0.0,0.0,0.0761,0.0,184469000000,0.0347,0.1222,7.845,7.5201,1608000000,0.3982,0.346,3.1841,107314559200,4.5638,24.7839,-4.0632,5.2669,4.5638,0.059,0.3181,0.0483,0.0521,-13453000000,0.0,-2.5226,-2.8949,-26.6396,0.3201,0.0,0.0,0.0,0.0,0.0,0.0,0.0,43380559200,123771000000,0.2983,0.1891,0.0615,-0.1849,0.0143,0.0176,0.1436,1.6955,0.3193,2.5603,0.2782,0.2594,1.8448,10.0186,-1.6425,2.1291,1.8448,0.0259,0.2251,9.2019,0.009,0.0063,0.0428,0.1855,0.1229,0.0291,0.02676936111714,0.0307,0.0222,-0.013,3237000.0,0.0067,46.5623,23514000000,0.0459,0.2347,0.0243,0.1505,FY2004.FQ3,3
11,0.25,2005-02-08,2004-11,104.76,480960000,21.1882,19.6105,25079000000,49.5045,-0.384,0.0,5.4091,4.8975,0.0,0.0,0.0761,0.0,207630000000,0.0409,0.2513,8.279,7.7575,1925000000,-0.0422,0.4154,3.7998,126716369600,5.0526,27.8314,-3.7029,6.0482,5.0526,0.0833,0.2486,0.0471,0.051,-8167000000,0.0,-21.8128,-1.7624,-16.1212,0.3033,0.0,0.0,0.0,0.0,0.0,0.0,0.0,50385369600,131290000000,0.2296,0.2576,0.0332,0.4578,0.0154,0.0176,0.1059,1.328,0.2164,3.3833,0.3698,0.2693,2.009,11.0664,-1.4723,2.4049,2.009,0.0186,0.1419,9.1472,0.0089,0.0069,0.0422,0.1873,0.1341,0.0288,0.02676936111714,0.0299,0.0234,-0.0138,-2928000.0,-0.006,49.5045,25079000000,0.0496,0.3159,0.0289,0.1593,FY2004.FQ4,4
12,0.25,2005-04-06,2005-02,108.8,478391000,22.8628,20.0644,26075000000,50.6212,-0.2041,0.0,5.539,5.042,0.0,0.0,0.0761,0.0,185893000000,0.0307,0.0398,7.1291,7.7575,2343000000,0.0892,0.3596,4.5486,142094940800,5.4494,29.7768,-5.6288,6.6294,5.4494,0.1138,0.176,0.0437,0.0498,-6217000000,0.0,0.5907,-0.9542,-12.0695,0.2951,0.0,0.0,0.0,0.0,0.0,0.0,0.0,52048940800,138900000000,0.1693,0.232,0.0043,0.0818,0.0156,0.0176,0.085,0.9578,0.1119,4.1642,0.3292,0.2934,1.9961,10.9071,-2.0618,2.4283,1.9961,0.0596,0.08,12.648,0.0084,0.0079,0.0416,0.1865,0.1543,0.0288,0.02676936111714,0.0297,0.0259,-0.0038,-2569000.0,-0.0053,50.6212,26075000000,0.0548,0.3448,0.033,0.1727,FY2005.FQ1,1
13,0.25,2005-07-05,2005-05,97.5,467123000,23.6587,20.2016,25645000000,50.6617,0.0001,0.0,5.6421,5.249,0.0,0.0,0.0761,0.0,231589000000,0.0525,0.1788,8.7739,7.9425,1474000000,-0.1976,0.2991,2.9118,132631492500,5.1718,29.8048,-4.4624,6.4002,5.1718,0.0561,-0.2597,0.0422,0.0495,-1885000000,0.0,-1.7269,-0.3825,-3.7238,0.3046,0.0,0.0,0.0,0.0,0.0,0.0,0.0,45544492500,140883000000,-0.2712,0.1755,0.0314,0.2574,0.0155,0.0168,0.1461,1.8219,-0.285,2.4575,0.2524,0.2934,1.7759,10.2347,-1.5323,2.1977,1.7759,0.0548,-0.1261,9.7333,0.0072,0.0079,0.0369,0.1696,0.1676,0.0257,0.02676936111714,0.0267,0.0265,-0.0142,-11268000.0,-0.0235,50.6617,25645000000,0.0579,0.3345,0.0334,0.14,FY2005.FQ2,2
14,0.25,2005-10-05,2005-08,111.18,453560000,25.1632,20.4542,25857000000,52.3209,-0.1103,0.0,5.7835,5.3869,0.0,0.0,0.0761,0.0,244209000000,0.0595,0.3238,9.1783,8.0413,2615000000,0.6262,0.3537,5.2913,145136800800,5.613,27.9754,-6.5506,6.1841,5.613,0.0968,0.8678,0.0397,0.0488,-5887000000,0.0,0.5624,-0.7962,-11.9121,0.3276,0.0,0.0,0.0,0.0,0.0,0.0,0.0,50426800800,146988000000,0.8395,0.2187,0.0074,0.0427,0.0138,0.0156,0.0769,1.004,0.86,4.8664,0.3253,0.3142,1.9502,9.7198,-2.2759,2.1486,1.9502,0.0585,0.5909,14.9595,0.008,0.0082,0.0422,0.1957,0.1757,0.0291,0.02676936111714,0.0304,0.0281,-0.0213,-13563000.0,-0.029,52.3209,25857000000,0.0605,0.3756,0.0314,0.1315,FY2005.FQ3,3
15,0.25,2006-02-07,2005-11,128.96,437171000,25.2411,20.9429,26252000000,54.1055,1.3507,0.0,5.5433,5.474,0.0,0.0,0.0761,0.0,287287000000,0.0703,0.3836,10.2595,8.1608,2695000000,0.4,0.4208,5.5544,146123572160,5.5661,25.9729,-10.7514,5.7898,6.942,0.0933,0.4067,0.0396,0.0477,398000000,0.0,1.0487,0.0621,0.8202,0.3416,0.0,0.0,0.0,0.0,0.0,0.0,0.0,56377572160,144965000000,0.3668,0.2548,-0.0151,-0.2025,0.0116,0.0155,0.0753,1.0734,0.4463,5.1092,0.3871,0.3225,2.1475,10.0208,-4.1481,2.2338,2.6783,0.0485,0.3817,13.1966,0.0081,0.0083,0.0454,0.206,0.1837,0.0309,0.02676936111714,0.0324,0.0288,-0.0422,-16389000.0,-0.0361,43.3821,21049000000,0.0573,0.3301,0.034,0.1165,FY2005.FQ4,4
16,0.25,2006-04-05,2006-02,141.29,431260000,26.2431,22.0255,27165000000,56.2073,0.188,0.0,5.9831,5.5412,0.0,0.0,0.0,0.0,498866000000,0.1174,1.6836,17.2528,8.3823,3908000000,0.6679,0.3745,8.086,169012725400,6.2217,25.6351,-6.1035,5.7968,6.2217,0.1442,0.7278,0.0381,0.0454,-20317000000,0.0,-2.2679,-1.9473,-42.038,0.328,0.0,0.0,0.0,0.0,0.0,0.0,0.0,60932725400,166432000000,0.6395,0.2376,-0.0238,-0.0068,0.0078,0.0154,0.0492,0.6406,0.7198,7.6329,0.3535,0.3272,2.243,9.242,-2.2004,2.0898,2.243,0.1064,0.6013,21.587,0.0089,0.0085,0.0509,0.2316,0.186,0.0342,0.02676936111714,0.0358,0.0289,-0.0617,-5911000.0,-0.0135,56.2073,27165000000,0.0676,0.2728,0.0353,0.1089,FY2006.FQ1,1
17,0.35,2006-07-03,2006-05,150.95,431116000,25.1221,23.2607,29200000000,61.0495,-0.0397,0.0,5.9091,5.5683,0.0,0.0,0.0342,0.4,288749000000,0.0569,0.2468,9.0801,8.6298,3783000000,1.5664,0.3693,7.9092,182944960200,6.2652,22.7543,-4.4841,5.3073,6.2652,0.0972,1.7953,0.0398,0.043,-14992000000,0.0,-6.9533,-1.4639,-31.3443,0.3439,0.0,0.0,0.0,0.0,0.0,0.0,0.0,65076960200,180189000000,1.6728,0.2257,0.0203,-0.0733,0.0076,0.0148,0.0732,0.8324,1.8327,7.3677,0.3441,0.3272,2.2286,8.0941,-1.5951,1.8879,2.2286,0.0969,1.0785,21.4112,0.0103,0.0087,0.0573,0.2648,0.1869,0.0381,0.02676936111714,0.0394,0.0291,-0.0551,-144000.0,-0.0003,61.0495,29200000000,0.0706,0.2792,0.0392,0.2047,FY2006.FQ2,2
18,0.35,2006-10-04,2006-08,148.65,428910000,23.835,23.7469,30393000000,63.6635,0.4594,0.0,6.0309,5.6177,0.0,0.0,0.0342,0.0,296562000000,0.0519,0.2143,8.8544,8.8142,2613000000,-0.0007,0.3445,5.4733,183025471500,6.0219,22.8296,-3.6169,5.2804,6.0219,0.0268,0.003,0.0419,0.0421,-15691000000,0.0,-1.6653,-2.0689,-32.8676,0.3251,0.0,0.0,0.0,0.0,0.0,0.0,0.0,63757471500,191932000000,-0.0142,0.2101,0.0358,0.224,0.0109,0.014,0.1073,2.9565,-0.0178,4.9476,0.3114,0.3272,2.0977,7.9527,-1.2599,1.8394,2.0977,0.0231,0.0258,15.886,0.01,0.0089,0.0529,0.2455,0.1915,0.0352,0.02676936111714,0.0366,0.0291,-0.0339,-2206000.0,-0.0051,63.6635,30393000000,0.0605,0.1923,0.0418,0.2588,FY2006.FQ3,3
19,0.35,2007-02-06,2006-11,194.8,412666000,23.4225,23.7469,32686000000,69.4707,-0.3867,0.0,6.1803,5.7128,0.0,0.0,0.0342,0.0,340854000000,0.0566,0.1864,9.5247,8.9673,5251000000,0.9484,0.5582,11.1604,223070336800,6.8246,23.3899,-4.1216,5.9224,8.2618,0.1101,0.9789,0.0426,0.0421,-3122000000,0.0,-8.8442,-0.3318,-6.6354,0.3677,0.0,0.0,0.0,0.0,0.0,0.0,0.0,80387336800,214877000000,0.9313,0.335,0.0443,0.3938,0.0109,0.0127,0.0532,0.7649,1.0108,10.5951,0.5299,0.3366,2.4593,8.4289,-1.4852,2.1342,2.9773,0.0525,0.4691,19.9936,0.0116,0.0089,0.0578,0.2753,0.2009,0.0387,0.02676936111714,0.04,0.03,-0.0302,-16244000.0,-0.0378,57.3857,27000000000,0.06,0.1859,0.0445,0.2779,FY2006.FQ4,4
20,0.35,2007-04-04,2007-02,201.75,411317000,24.7288,24.2819,33800000000,71.6253,0.048,0.0,5.0621,5.7128,0.0,0.0,0.0342,0.0,326441000000,0.0587,-0.3456,8.8466,8.9673,5131000000,0.3129,0.403,10.873,208828204750,6.1783,20.3635,-4.315,5.2256,7.4034,0.1438,0.3129,0.0404,0.0411,-14590000000,0.0,0.2818,-1.1461,-30.9175,0.342,0.0,0.0,0.0,0.0,0.0,0.0,0.0,82983204750,179907000000,0.2896,0.2511,0.0076,0.1191,0.0107,0.0113,0.0524,0.5626,0.3171,10.2966,0.3816,0.3488,2.4551,8.0919,-1.7147,2.0765,2.9419,0.106,0.2201,26.976,0.0117,0.0089,0.064,0.2821,0.2188,0.0426,0.02676936111714,0.0438,0.0325,-0.0235,-1349000.0,-0.0032,59.7732,28207000000,0.0648,0.2025,0.046,0.2761,FY2007.FQ1,1
21,0.35,2007-07-03,2007-05,230.82,407682000,19.9931,24.2819,44076000000,94.9709,0.0371,0.0,7.9174,5.8463,0.0,0.0,0.0342,0.0,638341000000,0.1188,1.2107,13.531,9.1292,3712000000,-0.0187,0.3645,7.9982,329854159240,7.4837,32.0994,-5.0748,8.2664,8.5503,0.0764,0.0313,0.05,0.0411,-31595000000,0.0,-1.1074,-3.103,-68.078,0.32,0.0,0.0,0.0,0.0,0.0,0.0,0.0,94101159240,296490000000,0.009,0.2291,0.0177,0.4214,0.0081,0.0109,0.0709,1.1978,-0.0263,7.3928,0.3369,0.3405,2.1349,9.1573,-1.4477,2.3582,2.4392,0.0819,-0.0057,21.9392,0.011,0.0095,0.0531,0.2727,0.2386,0.0357,0.02676936111714,0.0366,0.0347,-0.0296,-3635000.0,-0.0088,83.1243,38578000000,0.059,0.1806,0.0652,0.4835,FY2007.FQ2,2
22,0.35,2007-10-10,2007-08,176.01,397675000,21.7757,24.2819,44925000000,98.2181,0.2575,0.0,5.5563,5.8463,0.0,0.0,0.0342,0.0,708011000000,0.143,1.3873,14.7425,9.3515,4542000000,0.7382,0.3682,9.93,208411776750,4.6391,18.0662,-3.0301,4.6673,5.283,0.0762,0.8803,0.0459,0.0411,-19472000000,0.0,-0.2409,-1.5787,-42.571,0.3298,0.0,0.0,0.0,0.0,0.0,0.0,0.0,69994776750,204700000000,0.7904,0.2313,0.0631,0.4027,0.0063,0.0108,0.057,0.7957,0.8031,9.3113,0.3453,0.3447,1.558,6.0675,-1.0176,1.5675,1.7743,0.0659,0.6263,26.9654,0.0115,0.0101,0.0544,0.2974,0.2552,0.0373,0.02676936111714,0.0386,0.0354,-0.0418,-10007000.0,-0.0245,86.2461,39449000000,0.0578,0.3099,0.0629,0.4338,FY2007.FQ3,3
23,0.35,2008-01-29,2007-11,226.64,390682000,26.1634,24.9255,39700000000,87.8512,0.6338,0.0,7.043,5.9461,0.0,0.4368,0.0342,0.0,462877000000,0.0717,0.3579,10.8148,9.8921,5386000000,0.0257,0.5014,11.9185,275736168480,6.9454,23.7724,-3.8573,5.9959,7.9674,0.151,0.0624,0.0382,0.0401,-5827000000,0.0,-0.8664,-0.5425,-12.8944,0.3639,0.0,0.0,0.0,0.0,0.0,0.0,0.0,88544168480,291159000000,0.0199,0.2993,-0.0151,-0.3008,0.0068,0.0094,0.0501,0.5054,0.014,11.1861,0.4706,0.3494,2.2303,7.6337,-1.2386,1.9254,2.5584,0.081,0.1418,23.7685,0.0107,0.0105,0.055,0.2831,0.2687,0.038,0.02676936111714,0.0395,0.0365,-0.0395,-6993000.0,-0.0175,76.5833,34608000000,0.0601,0.3359,0.0495,0.1959,FY2007.FQ4,4
24,0.35,2008-04-09,2008-02,169.63,394474000,23.6307,24.2819,47216000000,104.1146,0.8462,0.0,5.9176,5.9504,0.0,0.0,0.0342,0.0,308616000000,0.0236,-0.0546,6.1335,9.8921,2486000000,-0.5154,0.2982,5.4818,233674624620,4.949,23.5725,-2.9244,5.6182,5.5642,-0.0006,-0.5157,0.0423,0.0411,-23010000000,0.0,-0.5771,-2.7606,-50.7386,0.2949,0.0,0.0,0.0,0.0,0.0,0.0,0.0,66914624620,239549000000,-0.5273,0.1812,0.0198,0.1769,0.0107,0.0094,0.1083,-109.3864,-0.5589,4.7254,0.2571,0.3494,1.4172,6.7501,-0.8374,1.6088,1.5933,0.012,-0.3452,18.3792,0.0085,0.0105,0.0432,0.232,0.2687,0.0306,0.02676936111714,0.0317,0.0365,-0.0389,3792000.0,0.0097,92.6041,41996000000,0.0591,0.303,0.0657,0.3635,FY2008.FQ1,1
25,0.35,2008-07-07,2008-05,176.41,394203000,14.9277,23.7329,69794000000,155.9991,0.7206,0.3284,5.6501,5.9504,0.0,1.2829,0.0342,0.0,314028000000,0.0089,-0.508,4.308,9.3024,3143000000,-0.1532,0.3335,7.025,237811351230,3.4073,24.6003,-6.0214,5.8241,3.687,0.0326,-0.0709,0.0669,0.0421,8815000000,0.3631,1.2789,0.9355,19.7027,0.263,0.0,0.0,0.0,0.0,0.0,0.0,0.0,69541351230,239446000000,-0.1054,0.2215,0.0555,0.1473,0.0137,0.0094,0.0764,2.2001,-0.1745,6.3299,0.3005,0.3447,0.9963,7.1936,-1.7608,1.7031,1.0781,0.0393,-0.0746,21.0594,0.0084,0.0105,0.0417,0.221,0.2687,0.0307,0.02676936111714,0.0321,0.0365,-0.0359,-271000.0,-0.0006,144.164,64499000000,0.044,0.1536,0.1003,0.5451,FY2008.FQ2,2
26,0.35,2008-10-08,2008-08,163.97,395442000,23.7236,23.6771,42499000000,94.8003,-0.0391,0.0,5.2856,5.9134,0.0,1.0624,0.0342,0.0,316602000000,-0.0444,-0.5528,6.9431,8.9673,1352000000,-0.7023,0.2237,3.0158,229047624740,5.3894,29.9095,-12.8031,6.6311,6.1462,-0.098,-0.7047,0.0421,0.0422,2132000000,0.0,1.1094,0.3528,4.7557,0.1197,0.0,0.0,0.0,0.0,0.0,0.0,0.0,64840624740,228860000000,-0.7039,0.1398,0.0462,-0.1536,0.0129,0.0107,0.1933,-0.8635,-0.7745,2.1414,0.1588,0.3405,1.5256,8.467,-3.6244,1.8772,1.7399,-0.0531,-0.51,13.4798,0.007,0.0105,0.0327,0.1693,0.2687,0.0249,0.02676936111714,0.0261,0.0365,-0.0198,1239000.0,0.0031,83.1273,37266000000,0.036,0.0344,0.0466,-0.0505,FY2008.FQ3,3
27,0.35,2009-01-27,2008-11,78.99,461784000,13.7418,23.5266,47898000000,100.6895,0.5308,0.0,4.0323,5.7838,0.0,0.7985,0.0,0.0,354065000000,0.0206,-0.235,5.5005,8.8505,-3020000000,-1.5607,1.9138,-6.3485,206414318160,4.3094,88.895,-17201.1931,9.2887,4.8175,0.0,-1.712,0.0727,0.0425,12051000000,0.0,3.0681,-7.6368,25.3331,0.0,0.0,0.0,0.0,0.0,0.0,0.0,0.0,36476318160,243821000000,-1.6597,1.3441,0.0154,0.2593,0.0127,0.0108,-0.0704,0.0,-1.7119,-7.5656,2.2807,0.3411,0.7615,15.709,-3039.6931,1.6414,0.8513,0.0,-1.1469,-3.3172,0.0023,0.0103,0.007,0.0422,0.2591,0.0076,0.02676936111714,0.0079,0.0354,0.0526,66342000.0,0.1677,90.0693,42846000000,0.0102,-0.21,0.073,0.5039,FY2008.FQ4,4
28,0.467,2009-05-06,2009-03,106.02,503421000,14.5593,22.5991,47046000000,96.1692,7.2581,0.0,3.6682,5.6032,0.0,0.6506,0.0292,0.3342,454594000000,0.0436,0.473,7.1529,7.9998,3278000000,0.3185,0.3477,6.7007,136903694420,2.9099,52.1537,5.2766,5.8726,2.9099,0.0039,0.0495,0.0686,0.0443,2947000000,0.0,1.128,0.3126,6.0241,0.31,0.0,0.0,0.0,0.0,0.0,0.0,0.0,53372694420,128127000000,0.2005,0.1924,0.0714,1.0052,0.0129,0.0108,0.1377,51.8959,0.2267,5.374,0.2789,0.3411,1.1344,20.3324,2.0571,2.2894,1.1344,0.0219,0.1307,19.2661,0.0029,0.0096,0.0081,0.041,0.2523,0.0084,0.02676936111714,0.0105,0.0332,0.0787,41637000.0,0.0901,96.1692,47046000000,0.0148,-0.2217,0.0661,0.263,FY2009.FQ1,1
29,0.35,2009-08-05,2009-06,147.44,510737000,14.1617,20.8844,55856000000,101.372,4.5141,0.0,3.6045,5.421,0.145,0.4044,0.0,-0.2505,431241000000,0.0238,0.3732,6.8654,7.048,5556000000,0.7677,0.4037,10.0834,190555063280,3.4115,47.9625,6.4376,6.8914,3.4115,-0.0283,0.0764,0.0706,0.0479,12470000000,0.0,0.4146,0.9061,22.6315,0.3169,0.0,0.0,0.0,0.0,0.0,0.0,0.0,75303063280,150425000000,0.6459,0.2496,0.0701,0.599,0.0135,0.0117,0.0709,-6.6952,0.7757,9.127,0.3654,0.3411,1.3481,18.9537,2.544,2.7233,1.3481,0.0387,0.4605,24.9745,0.0043,0.0085,0.0149,0.0628,0.2265,0.0135,0.02676936111714,0.0196,0.0307,0.2315,7316000.0,0.0145,101.372,55856000000,0.0059,-0.1825,0.0578,-0.1382,FY2009.FQ2,2
30,0.35,2009-11-04,2009-09,184.35,513056000,13.4985,17.4604,58397000000,101.2255,4.4254,0.0,3.4929,5.421,0.0,0.4605,0.0,0.0,418164000000,0.025,0.3207,6.3984,6.9043,5167000000,2.8217,0.4176,8.9564,218331873600,3.7387,34.568,6.3509,6.4253,3.7387,-0.0236,1.9005,0.074,0.0585,6910000000,0.0,2.241,0.5585,11.9778,0.335,0.0,0.0,0.0,0.0,0.0,0.0,0.0,94581873600,162305000000,2.7727,0.2576,0.0765,0.4889,0.0154,0.0128,0.0666,-6.3305,3.9937,8.3099,0.3874,0.3411,1.6196,14.9749,2.7512,2.7834,1.6196,-0.0028,1.0473,21.4456,0.0071,0.0078,0.0265,0.0985,0.1952,0.0216,0.02676936111714,0.0286,0.0278,0.2868,2319000.0000001,0.0045,101.2255,58397000000,-0.0033,-0.1845,0.0588,0.4332,FY2009.FQ3,3
31,0.35,2010-03-01,2009-12,168.84,515114000,12.0052,14.7435,63757000000,108.689,1.4327,0.0,3.4891,4.659,0.1179,0.4259,0.0,0.0,380693000000,-0.0503,0.0752,5.3835,6.6319,7771000000,3.5731,0.8082,13.2475,244968847760,3.8422,18.3017,5.168,5.4229,4.1635,0.0521,2.6498,0.0832,0.0678,25074000000,0.0,1.0806,2.6078,42.7446,0.3292,0.0,0.0,0.0,0.0,0.0,0.0,0.0,86971847760,208444000000,3.3328,0.5146,0.0473,0.9364,0.0185,0.0129,0.0426,1.2448,3.0497,12.5758,0.7672,0.3553,1.3641,6.4977,1.8348,1.9253,1.4781,-0.0057,7.0931,16.391,0.0154,0.0078,0.0572,0.1967,0.183,0.0438,0.02676936111714,0.0528,0.0278,0.2331,2058000.0,0.004,100.3017,58837000000,-0.0104,-0.0402,0.0413,0.0985,FY2009.FQ4,4
32,0.35,2010-05-10,2010-03,170.63,514191000,12.0712,14.3605,65987000000,111.8423,-0.3322,0.0,3.0324,3.8503,0.1055,-0.1364,0.0,0.0,409552000000,-0.0532,-0.099,5.6146,6.266,5534000000,0.6882,0.4331,9.3796,198033410330,3.001,13.1785,5.396,4.0812,3.001,-0.0091,0.6489,0.0828,0.0696,-7754000000,0.0,-3.6311,-0.6069,-13.1423,0.3301,0.0,0.0,0.0,0.0,0.0,0.0,0.0,87736410330,151081000000,0.9051,0.2705,0.0055,-0.2564,0.0175,0.0132,0.0626,-6.3606,0.9623,8.744,0.4038,0.3764,1.3296,5.8385,2.3906,1.8081,1.3296,0.0035,0.3554,21.6525,0.0173,0.0078,0.0648,0.2092,0.183,0.0491,0.02676936111714,0.0597,0.0278,0.206,-923000.0,-0.0017,111.8423,65987000000,-0.017,-0.0483,0.0426,0.1477,FY2010.FQ1,1
33,0.35,2010-08-09,2010-06,131.27,515487000,11.9642,13.9517,66862000000,115.1998,0.1714,0.0,2.9491,3.6364,0.0918,-0.1069,0.0,0.0,423883000000,-0.0087,-0.017,5.7421,5.9378,1888000000,-0.6601,0.2135,3.2529,157234978490,2.3516,12.8828,4.6204,3.606,2.3516,-0.1967,-0.8417,0.0835,0.0716,9800000000,0.0,-0.2141,1.1084,16.8849,0.5766,0.0,0.0,0.0,0.0,0.0,0.0,0.0,67667978490,128690000000,-0.8215,0.0693,0.0836,-0.2071,0.0155,0.0136,0.4487,-0.2817,-0.712,2.4948,0.1637,0.333,1.012,5.5442,1.9884,1.5519,1.012,-0.0192,-0.3575,15.2325,0.0138,0.0078,0.0568,0.1663,0.1678,0.0416,0.02676936111714,0.0572,0.0278,0.0533,1295999.9999999,0.0025,115.1998,66862000000,-0.0234,-0.0071,0.056,0.1752,FY2010.FQ2,2
34,0.35,2010-11-09,2010-09,144.58,511518000,12.0105,13.6201,68700000000,117.8994,0.3387,0.0,3.0277,3.5487,0.0361,-0.0939,0.0,0.0,440116000000,0.0361,0.0524,5.8172,5.7797,3169000000,-0.3866,0.3559,5.4384,170754272440,2.4855,15.644,6.2403,4.2546,2.4855,-0.008,-0.4323,0.0832,0.0734,243000000,0.0,-0.9648,0.0272,0.417,0.3247,0.0,0.0,0.0,0.0,0.0,0.0,0.0,73955272440,140748000000,-0.4046,0.2131,0.0172,-0.3325,0.0137,0.0137,0.1174,-8.4446,-0.4136,4.824,0.3157,0.3405,1.0764,6.7755,2.7027,1.8427,1.0764,0.0066,-0.2803,15.2788,0.0121,0.0078,0.05,0.146,0.1561,0.0366,0.02676936111714,0.0521,0.0278,0.01,-3968999.9999999,-0.0076,117.8994,68700000000,-0.0265,0.03,0.0416,0.1576,FY2010.FQ3,3
35,0.35,2011-03-01,2010-12,168.16,507531000,11.781,12.7849,70399000000,119.7261,0.039,0.0,3.3887,3.491,0.0271,-0.0215,0.0,0.0,396741000000,0.0236,0.0421,5.1287,5.7797,4205000000,-0.4588,0.4865,7.1513,235331412960,3.3428,28.1699,-36.1381,6.0093,3.6273,-0.0187,-0.5378,0.0848,0.0784,-8801000000,0.0,-1.351,-1.0183,-14.9676,0.3128,0.0,0.0,0.0,0.0,0.0,0.0,0.0,85346412960,222356000000,-0.5175,0.2762,0.0046,-0.2432,0.0131,0.0136,0.0923,-5.4471,-0.529,5.9081,0.4019,0.3764,1.2123,10.2162,-13.106,2.1793,1.3155,-0.0086,-0.1011,14.6972,0.0091,0.0081,0.0357,0.1091,0.1276,0.0259,0.02676936111714,0.0323,0.0254,0.0023,-3987000.0,-0.0077,110.335,64877000000,-0.0175,0.0734,0.0059,0.0939,FY2010.FQ4,4
36,0.35,2011-05-10,2011-03,158.6,517917000,12.8784,12.4748,69369000000,118.9862,-0.3912,-0.0313,3.6491,3.491,0.0291,0.0077,0.0,0.0,417489000000,0.028,0.0193,5.7609,5.7515,4634000000,-0.1626,0.3896,7.9485,250165636200,3.6063,32.7742,87.0444,6.5351,3.9008,-0.0147,-0.7209,0.0776,0.0802,1632000000,-0.0263,1.2104,0.1372,2.7993,0.323,0.0,0.0,0.0,0.0,0.0,0.0,0.0,82141636200,221770000000,-0.2086,0.2299,0.018,-0.0423,0.0133,0.0136,0.2243,-7.2937,-0.2169,6.9296,0.3396,0.3764,1.1841,10.7613,28.5809,2.1458,1.2808,0.07,-0.0689,20.4013,0.0082,0.0087,0.0312,0.1018,0.1055,0.0225,0.02676936111714,0.0257,0.0242,-0.0118,10386000.0,0.0204,110.0017,64131000000,-0.0146,0.0599,0.0474,-0.0065,FY2011.FQ1,1
37,0.35,2011-08-09,2011-06,133.09,507856000,12.9486,12.4748,69256000000,121.6084,-0.4896,-0.0149,3.6801,3.491,0.035,0.0534,0.0,0.0,416038000000,0.0162,-0.0185,5.7498,5.7554,1984000000,0.0508,0.2724,3.4837,231887555040,3.3482,28.6033,64.2347,6.315,3.6193,0.0,1.3717,0.0772,0.0802,10536000000,-0.0133,0.0751,1.447,18.5004,0.3256,0.0,0.0,0.0,0.0,0.0,0.0,0.0,67590555040,220851000000,0.7732,0.1492,0.0446,-0.1272,0.0125,0.0136,0.1891,0.0,0.1132,2.8305,0.2213,0.3525,0.9759,8.3373,18.7231,1.8407,1.0549,0.0,-0.1764,12.7848,0.0086,0.0089,0.0316,0.1119,0.1105,0.024,0.02676936111714,0.0276,0.0249,-0.0187,-10061000.0,-0.0194,112.5004,64069000000,0.0057,0.0608,0.0117,-0.0198,FY2011.FQ2,2
38,0.35,2011-11-09,2011-09,94.55,492623000,13.5388,12.4748,66988000000,129.2705,-0.4995,0.0,3.8851,3.491,-0.0062,0.0872,-0.0284,0.0,415662000000,-0.0089,-0.0555,5.9305,5.7554,-341000000,-1.1076,-0.095,-0.658,220046504650,3.2848,37.8346,-30.1557,7.0069,3.5763,0.0,-1.2818,0.0738,0.0802,-10664000000,0.0,-44.8847,-2.9729,-20.5789,0.0,0.0,0.0,0.0,0.0,0.0,0.0,0.0,46577504650,228098000000,-1.207,-0.1095,-0.0335,0.2021,0.0131,0.0136,-0.4166,0.0,-1.2596,-1.4087,-0.2035,0.3525,0.6953,8.0085,-6.3831,1.4831,0.757,-0.092,-0.5971,6.922,0.0061,0.0089,0.022,0.0816,0.1105,0.017,0.02676936111714,0.0196,0.0249,-0.1106,-15233000.0,-0.0299,118.736,61529000000,0.0025,0.0442,0.0098,-0.0736,FY2011.FQ3,3
39,0.35,2012-02-28,2011-12,90.43,485468000,13.1179,12.4748,67279000000,127.4706,0.4076,0.0458,3.709,3.491,0.0106,0.1954,0.0,0.0,420214000000,-0.0025,0.0591,5.9707,5.7554,1761000000,-0.5812,0.2911,3.3364,170706871240,2.5372,38.4301,7.9788,5.925,2.7617,-0.0938,-0.5145,0.0762,0.0802,19891000000,0.0478,3.26,3.2883,37.6866,0.1876,0.0,0.0,0.0,0.0,0.0,0.0,0.0,43900871240,205029000000,-0.5756,0.1674,-0.063,-0.204,0.0124,0.0135,0.1902,-1.053,-0.641,2.3626,0.2061,0.3277,0.6525,9.8831,2.0519,1.5237,0.7102,-0.0789,-0.3,11.4607,0.0047,0.0089,0.0161,0.0632,0.1105,0.0131,0.02676936111714,0.0154,0.0249,-0.1023,-7155000.0,-0.0145,117.1106,61811000000,0.0037,0.013,0.0114,-0.0901,FY2011.FQ4,4
40,0.35,2012-05-10,2012-03,124.37,495211000,13.2707,12.4748,68556000000,129.5464,0.3386,-0.0642,3.537,3.5131,0.0183,0.3136,0.0,0.0,442644000000,0.0057,0.0602,6.1773,5.7554,3614000000,-0.2201,0.3632,6.8291,209182392070,3.0512,54.8171,9.0312,7.7861,3.3105,-0.0287,1.5128,0.0753,0.0802,3399000000,-0.0684,1.0827,0.3416,6.4229,0.337,0.0,0.0,0.0,0.0,0.0,0.0,0.0,61589392070,196314000000,-0.2288,0.2119,-0.0529,-0.2776,0.0111,0.0132,0.0892,-5.6058,-0.2126,6.0109,0.3197,0.3177,0.8983,16.1397,2.659,2.2924,0.9747,-0.0215,-0.1635,18.8,0.004,0.0089,0.014,0.0537,0.1105,0.0116,0.02676936111714,0.014,0.0249,-0.0922,9743000.0,0.02,119.399,63186000000,0.0075,0.0189,0.0092,-0.0112,FY2012.FQ1,1
41,0.46,2012-08-09,2012-06,95.86,480991000,13.0209,12.9135,68005000000,130.7034,0.2967,-0.1283,3.1448,3.4629,0.0381,0.4695,0.0277,0.3142,446109000000,0.0159,0.0722,6.1232,5.789,1824000000,-0.0806,0.2752,3.5056,183122797260,2.6927,49.6133,9.6624,6.9862,2.925,-0.1416,-0.0378,0.0767,0.0774,6326000000,-0.1286,-0.3995,0.9545,12.1583,0.3201,0.0,0.0,0.0,0.0,0.0,0.0,0.0,46107797260,170207000000,-0.1149,0.1451,-0.0472,-0.2285,0.0101,0.0131,0.2584,-0.8818,-0.1222,2.7195,0.2135,0.2685,0.678,12.4919,2.4328,1.759,0.7364,-0.0365,-0.0898,12.7368,0.0038,0.0084,0.0139,0.051,0.1055,0.0117,0.02676936111714,0.0144,0.0232,-0.0863,-14220000.0,-0.0287,120.3248,62605000000,0.0111,0.0125,0.0029,0.0068,FY2012.FQ2,2
42,0.46,2012-11-08,2012-09,113.68,471431000,12.6517,12.9135,69676000000,136.3789,0.4396,0.0,3.3186,3.4629,0.0481,0.4719,0.0277,0.0,478932000000,0.0157,0.1522,6.3835,5.8739,2694000000,8.9002,0.3225,5.273,187224276080,2.687,33.4568,5.9909,6.0441,2.9081,-0.0651,4.3928,0.079,0.0774,1635000000,0.0,1.1533,0.1957,3.2002,0.342,0.0,0.0,0.0,0.0,0.0,0.0,0.0,53592276080,180903000000,4.8473,0.181,-0.0514,-0.3834,0.0085,0.0128,0.1614,-1.47,4.1479,4.4979,0.2751,0.2482,0.7691,9.5768,1.7148,1.7301,0.8324,-0.0416,1.3281,16.3456,0.0058,0.0072,0.0219,0.0763,0.0917,0.018,0.02676936111714,0.0224,0.0202,-0.014,-9560000.0,-0.0198,126.0129,64380000000,0.0075,0.0003,0.0028,0.0704,FY2012.FQ3,3
43,0.5,2013-03-01,2012-12,127.56,465148000,12.3957,12.9135,69516000000,137.9012,0.2974,-0.2181,3.2354,3.4629,0.0659,0.5208,0.0363,0.0869,479680000000,0.0124,0.1415,6.3352,5.9506,4813000000,1.7331,0.5211,9.5477,164295278880,2.3634,21.9793,13.729,4.8091,2.5504,0.2178,2.0434,0.0806,0.0774,607000000,-0.2428,-0.9694,0.0657,1.2041,0.3294,0.0,0.0,0.0,0.0,0.0,0.0,0.0,59334278880,172310000000,1.8548,0.3131,-0.0496,-0.0863,0.008,0.0124,0.0892,0.3642,2.4587,8.5558,0.4669,0.2954,0.8535,7.9376,4.9581,1.7367,0.921,0.0043,0.5268,18.3217,0.0079,0.007,0.029,0.1,0.0908,0.0233,0.02676936111714,0.0296,0.0202,-0.0449,-6283000.0,-0.0133,127.7861,64417000000,0.006,0.0166,0.0025,0.0758,FY2012.FQ4,4
44,0.5,2013-05-09,2013-03,147.15,460782000,12.4206,12.9135,71028000000,139.3252,0.1084,0.0,3.0875,3.4629,0.0657,0.4287,0.0363,0.0,450726000000,0.0023,0.0182,5.8363,5.9506,3675000000,0.0168,0.3642,7.2087,201940071300,2.8431,26.4804,74.352,5.8867,3.0437,0.0371,0.0943,0.0805,0.0774,-5852000000,0.0,-2.7216,-0.5799,-11.479,0.3299,0.0,0.0,0.0,0.0,0.0,0.0,0.0,67804071300,175116000000,0.0715,0.2239,-0.0196,-0.057,0.0082,0.0117,0.1165,2.396,0.0603,6.6163,0.3342,0.2974,0.9546,8.8911,24.9646,1.9765,1.0219,0.0125,0.0141,19.792,0.008,0.007,0.0292,0.0997,0.0906,0.0239,0.02676936111714,0.0304,0.0202,-0.0366,-4366000.0,-0.0093,130.1392,66345000000,0.0054,0.0087,0.002,0.0777,FY2013.FQ1,1
45,0.5,2013-08-08,2013-06,151.25,450481000,12.0248,12.9135,70843000000,140.701,0.2288,0.0,2.9736,3.4278,0.0604,0.2106,0.0363,0.0,428559000000,0.0077,-0.0393,5.4913,5.9506,2911000000,0.5959,0.338,5.7815,166348251250,2.3481,19.354,21.9456,4.5839,2.5071,-0.0024,1.0786,0.0831,0.0774,11190000000,0.0,0.7688,1.2993,22.2244,0.2699,0.0,0.0,0.0,0.0,0.0,0.0,0.0,68135251250,159673000000,1.0072,0.2242,-0.047,-0.2422,0.008,0.0106,0.1351,-33.0244,0.8692,5.2532,0.3071,0.2911,0.9617,7.9273,8.9888,1.8775,1.0269,-0.0003,0.2995,17.1042,0.009,0.007,0.0328,0.1107,0.0906,0.0274,0.02676936111714,0.035,0.0202,-0.0322,-10301000.0,-0.0223,131.7755,66349000000,0.0029,-0.0107,0.0008,0.0712,FY2013.FQ2,2
46,0.5,2013-11-07,2013-09,158.21,441499000,11.8947,12.8001,70416000000,141.8533,0.0288,0.0,3.0321,3.277,0.0633,0.1632,0.0363,0.0,389735000000,-0.0068,-0.1862,5.0213,5.9506,2447000000,-0.0916,0.364,4.9294,181219556790,2.5735,21.072,74.6066,5.2284,2.7474,0.0632,0.0105,0.084,0.0781,-3516000000,0.0,-3.1504,-0.523,-7.0829,0.2999,0.0,0.0,0.0,0.0,0.0,0.0,0.0,69849556790,169869000000,0.0033,0.2256,-0.0469,0.0047,0.0087,0.0094,0.1736,1.2845,-0.057,4.3654,0.3223,0.2911,0.9919,8.122,28.7565,2.0152,1.059,-0.0554,-0.195,13.5414,0.0092,0.007,0.0327,0.1104,0.0906,0.0276,0.02676936111714,0.0354,0.0206,-0.0283,-8982000.0,-0.0199,132.8726,65958000000,-0.001,-0.0273,0.0068,0.0345,FY2013.FQ3,3
47,0.55,2014-02-28,2013-12,177.26,446359000,11.6164,12.5361,71267000000,145.7999,-0.1587,-0.1436,2.9432,3.1901,0.0614,0.0097,0.0462,0.1,415288000000,-0.0001,-0.1342,5.2925,5.9506,4026000000,-0.1635,0.4584,8.2364,186954596340,2.6232,23.253,47.9493,5.4655,2.7949,0.0953,-0.1785,0.086,0.0797,2077000000,-0.1498,2.4217,0.2365,4.2491,0.3434,0.0092,0.0,0.0,0.0,0.0,0.2123,0.0,79121596340,169815000000,-0.1936,0.2655,-0.0551,-0.1767,0.0084,0.0086,0.1195,1.0319,-0.1764,7.2667,0.4044,0.3134,1.1102,9.8409,20.2927,2.313,1.1828,0.0189,-0.0491,17.9664,0.0087,0.007,0.0306,0.103,0.0906,0.0258,0.02676936111714,0.0324,0.0206,-0.0303,4860000.0,0.011,136.8473,66891000000,-0.0027,-0.0288,0.0081,0.0363,FY2013.FQ4,4
48,0.55,2014-05-09,2014-03,163.85,448032000,11.5761,12.4081,71899000000,148.3677,-0.0706,0.0,3.002,3.1162,0.055,-0.0168,0.0462,0.0,391391000000,-0.0059,-0.1316,4.9481,5.9035,3411000000,-0.0718,0.3656,7.0387,187510043200,2.6079,23.9997,34.9115,5.6066,2.7815,0.0,-0.0629,0.0863,0.0805,-4380000000,0.0,0.2515,-0.4695,-9.0383,0.327,0.0,0.0,0.0,0.0,0.0,0.0,0.0,73410043200,178604000000,-0.1004,0.2179,-0.0264,0.121,0.0086,0.0086,0.1368,0.0,-0.1043,6.234,0.3238,0.321,1.021,9.3958,13.6678,2.195,1.0889,0.1002,-0.0755,19.2488,0.0085,0.0079,0.0296,0.0991,0.0994,0.0249,0.02676936111714,0.0308,0.0236,-0.0494,1673000.0,0.0037,139.1106,67413000000,-0.0035,-0.0454,0.0121,0.0242,FY2014.FQ1,1
49,0.55,2014-08-07,2014-06,167.44,440735000,10.5344,12.2102,72429000000,152.1937,-0.2129,-0.3048,2.9218,3.0598,0.048,0.0627,0.0462,0.0,402789000000,-0.0042,-0.0601,4.9343,5.6638,3115000000,0.07,0.3413,6.5454,190823668400,2.6346,24.0969,-34.86,5.6195,2.8078,0.0834,0.1081,0.0949,0.0819,345000000,-0.3333,-0.9691,0.0378,0.7249,0.2779,0.0,0.0,0.0,0.0,0.0,0.0,0.0,73796668400,181521000000,0.0548,0.2232,-0.0062,0.2106,0.0092,0.0086,0.1341,1.1171,0.0665,5.9277,0.3091,0.321,1.0188,9.3189,-13.4813,2.1732,1.0858,0.0419,0.0595,19.1741,0.0089,0.0082,0.0295,0.0985,0.0994,0.0248,0.02676936111714,0.0304,0.0244,-0.0548,-7297000.0,-0.0162,142.8031,67960000000,-0.007,-0.0836,0.0149,0.0459,FY2014.FQ2,2
50,0.55,2014-11-05,2014-09,183.57,435734000,10.5613,11.9598,73075000000,155.7438,-0.173,0.0,2.9184,3.0171,0.0435,0.0891,0.0462,0.0,379476000000,-0.0152,-0.0263,4.6122,5.3919,3606000000,0.4736,0.4299,7.6854,198816690380,2.7207,23.0032,-18.066,5.5812,2.8944,0.0154,0.5868,0.0946,0.0836,-9047000000,0.0,-1.573,-1.0786,-19.2817,0.3219,0.0,0.0,0.0,0.0,0.0,0.0,0.0,79987690380,185968000000,0.4772,0.2671,0.0067,0.2488,0.0099,0.0086,0.1203,5.9859,0.5251,7.0439,0.394,0.3231,1.0945,9.2546,-7.2683,2.2454,1.1644,-0.0169,0.2476,17.8751,0.0099,0.0086,0.0319,0.1054,0.0998,0.0269,0.02676936111714,0.0325,0.0249,-0.0547,-5001000.0,-0.0113,146.3959,68689000000,-0.0089,-0.0588,0.0139,0.06,FY2014.FQ3,3
51,0.6,2015-02-23,2014-12,193.83,430259000,10.3366,11.7555,73597000000,158.8538,-0.0577,-0.0321,2.8442,2.9878,0.0375,0.1705,0.0269,0.0909,399014000000,-0.011,-0.0391,4.8191,5.1569,3562000000,-0.1152,0.4633,7.6883,201191101970,2.7336,23.7337,-23.4488,5.8268,2.8974,0.0942,-0.0478,0.0967,0.085,4502000000,-0.0334,1.1675,0.5855,9.7172,0.3252,0.0078,0.0,0.0,0.94,0.9427,0.3519,0.0,83397101970,177893000000,-0.0711,0.2817,-0.0125,0.1997,0.0103,0.0086,0.1369,1.0441,-0.0962,6.9285,0.4175,0.329,1.1331,9.838,-9.7199,2.4153,1.201,0.0149,-0.1245,16.5939,0.0098,0.0088,0.0308,0.1027,0.1013,0.0264,0.02676936111714,0.032,0.0253,-0.0521,-5475000.0,-0.0125,149.8748,69437000000,-0.0102,-0.061,0.0128,0.0551,FY2014.FQ4,4
52,0.6,2015-05-05,2015-03,187.97,432093000,10.1666,11.5963,75927000000,164.0246,0.0725,0.1417,2.7379,2.9584,0.0341,0.2045,0.0269,0.0,421914000000,-0.0125,0.0779,4.9562,4.9888,4153000000,0.2175,0.3924,8.9717,192466521210,2.5348,20.722,85.6548,5.3787,2.6827,0.0762,0.4776,0.0983,0.0862,6447000000,0.147,2.4719,0.6091,13.9274,0.277,0.0069,0.0,0.0,0.0,0.0,0.3816,0.0,81220521210,169947000000,0.3989,0.2687,0.0027,-0.1716,0.0094,0.0086,0.101,1.1475,0.3022,8.4985,0.3717,0.353,1.0697,8.7446,36.1462,2.2698,1.1321,0.0239,0.1345,22.8623,0.0107,0.0089,0.0329,0.1106,0.1028,0.0291,0.02676936111714,0.036,0.0261,-0.0447,1834000.0,0.0042,154.9816,71741000000,-0.0091,-0.0548,0.0127,0.0762,FY2015.FQ1,1
53,0.65,2015-08-03,2015-06,208.79,432768000,9.8099,11.0687,76454000000,165.6282,0.0677,0.0,2.7583,2.9325,0.0241,0.2076,0.0265,0.0833,402979000000,-0.0172,0.0004,4.5973,4.9522,1991000000,-0.3608,0.2195,4.3132,212669630720,2.7816,25.6259,-33.7678,5.9526,2.9419,-0.0987,-0.517,0.1019,0.0905,-8200000000,0.0,-24.7681,-0.9041,-17.7642,0.3928,0.007,0.0,0.0,0.0,0.0,0.4341,0.0,90357630720,180937000000,-0.4855,0.1155,-0.0376,-0.337,0.0085,0.0086,0.3282,-1.1026,-0.3881,3.7391,0.1903,0.329,1.1818,10.8877,-14.347,2.5291,1.2499,-0.0018,-0.0061,19.6468,0.0096,0.0091,0.0295,0.096,0.1028,0.0256,0.02676936111714,0.0316,0.0261,-0.03,675000.0,0.0015,156.6031,72288000000,-0.0087,0.0,0.0147,0.0738,FY2015.FQ2,2
54,0.65,2015-11-03,2015-09,173.76,427904000,10.0402,10.5478,76503000000,166.8185,0.2109,0.0,2.7797,2.9201,0.0232,0.1732,0.0265,0.0,398584000000,-0.0122,0.0503,4.5447,4.9412,2268000000,-0.371,0.3305,4.9454,197057599040,2.5758,26.3305,54.9979,5.7617,2.7242,-0.0384,-0.3654,0.0995,0.0948,834000000,0.0,1.0921,0.1215,1.8185,0.303,0.0078,0.0034,0.0,0.0,0.0,0.4649,0.1061,74352599040,178216000000,-0.3636,0.2078,-0.0093,-0.1973,0.0082,0.0086,0.2241,-2.5871,-0.3809,4.4614,0.2982,0.3231,0.9718,9.9348,20.7514,2.1739,1.0278,-0.0378,-0.1819,14.9607,0.0086,0.0091,0.0259,0.0853,0.1028,0.0226,0.02676936111714,0.028,0.0261,-0.0225,-4864000.0,-0.0112,157.73,72335000000,-0.0085,0.0133,0.0128,0.0659,FY2015.FQ3,3
55,0.65,2016-02-22,2015-12,180.23,419481000,9.9321,10.4355,75528000000,167.2083,0.6222,-0.0194,2.8072,2.8813,0.0346,0.1766,0.0265,0.0,452762000000,0.0055,0.1347,5.2204,4.9412,1357000000,-0.619,0.1874,3.0042,168607060630,2.2323,27.7177,21.4077,4.9954,2.3621,-0.1014,-0.71,0.1006,0.0958,8795000000,-0.0237,0.9535,1.2149,19.4708,0.2863,0.009,0.007,0.0,0.571,0.5691,0.4698,0.2821,75603060630,150024000000,-0.6468,0.1056,-0.0164,-0.2715,0.0071,0.0086,0.5118,-1.2255,-0.666,2.3732,0.148,0.3231,1.0009,12.4285,9.5991,2.2399,1.0591,-0.0172,-0.0584,16.0261,0.0069,0.009,0.0206,0.0697,0.1009,0.0183,0.02676936111714,0.0242,0.0257,-0.025,-8423000.0,-0.0196,158.0252,71380000000,-0.0085,0.0064,0.0106,0.0474,FY2015.FQ4,4
56,0.65,2016-05-06,2016-03,156.98,417572000,10.1113,10.2516,75634000000,169.0523,0.254,0.0,2.9198,2.8813,0.0389,0.2183,0.0265,0.0,414484000000,0.0061,-0.0176,4.7731,4.8767,1815000000,-0.5629,0.2863,4.0567,178095452560,2.3547,40.7168,-120.6608,6.0357,2.4909,-0.0071,-0.5488,0.0988,0.0975,-2905000000,0.0,-1.4505,-0.4583,-6.493,0.2798,0.0101,0.0074,0.0,0.4738,0.4692,0.4616,0.3667,65550452560,174385000000,-0.6009,0.179,0.005,0.0279,0.0071,0.0086,0.2425,-20.8971,-0.5993,3.5225,0.2486,0.3165,0.8666,14.9863,-44.4108,2.2215,0.9168,-0.0058,-0.4011,14.1662,0.005,0.0088,0.0147,0.0504,0.0988,0.013,0.02676936111714,0.0175,0.0252,-0.0334,-1909000.0,-0.0045,159.8077,71498000000,-0.005,0.0145,0.0112,0.02,FY2016.FQ1,1
57,0.65,2016-08-04,2016-06,148.58,406592000,10.3664,10.2516,75311000000,171.4731,0.6976,0.1602,2.9206,2.8813,0.0573,0.3889,0.0168,0.0,432009000000,0.0039,0.072,4.9935,4.8767,2708000000,0.3601,0.3414,6.1657,150278439360,1.9954,29.1916,9.2701,5.297,2.1116,-0.021,0.8787,0.0964,0.0975,9487000000,0.164,2.1569,1.196,21.6006,0.2602,0.0105,0.0074,0.1247,0.2599,0.2556,0.3938,0.3877,60411439360,149386000000,0.7385,0.2297,-0.006,0.1372,0.0075,0.0086,0.1747,-5.5855,0.4269,5.6079,0.3105,0.3098,0.8021,11.7349,3.7265,2.1294,0.8488,-0.0101,-0.1253,18.0601,0.0058,0.0087,0.0157,0.0593,0.0973,0.0151,0.02676936111714,0.0207,0.0249,-0.0485,-10980000.0,-0.0262,162.0355,71166000000,-0.0016,0.0429,0.0098,-0.013,FY2016.FQ2,2
58,0.65,2016-11-03,2016-09,161.27,399212000,10.102,10.1389,75907000000,176.4458,0.5178,0.0,2.9442,2.8813,0.0571,0.3618,0.0168,0.0,441510000000,0.0121,0.1076,5.0684,4.8767,3115000000,0.3734,0.3813,7.2408,163305919240,2.1513,28.0787,16.2833,5.5027,2.2743,0.0195,0.6827,0.0989,0.0986,-5348000000,0.0,-7.4124,-0.6547,-12.4314,0.2698,0.0099,0.0078,0.0,0.1653,0.1629,0.3978,0.3958,64380919240,156938000000,0.4684,0.2563,-0.051,-0.2707,0.0067,0.0084,0.1331,5.6548,0.4017,6.6666,0.3511,0.3098,0.8481,11.0696,6.4194,2.1693,0.8966,-0.0131,0.1904,18.9865,0.0065,0.0087,0.0171,0.0669,0.0907,0.017,0.02676936111714,0.0242,0.0237,-0.0619,-7380000.0,-0.0181,166.906,71803000000,-0.0039,-0.0006,0.0096,-0.0067,FY2016.FQ3,3
59,0.65,2017-02-27,2016-12,239.45,392632000,9.8991,10.1066,75690000000,178.5141,0.3025,0.2089,2.8823,2.8632,0.0534,0.2725,0.0168,0.0,467844000000,0.015,0.0333,5.3841,4.8877,3664000000,1.7,0.4386,8.6415,170379732400,2.251,23.0305,42.4887,5.5336,2.3797,0.0216,3.0,0.101,0.0989,2776000000,0.2318,-0.6843,0.3323,6.5471,0.309,0.0101,0.0084,0.0,0.0951,0.0939,0.4043,0.4011,94015732400,128747000000,2.0679,0.281,-0.1033,-0.52,0.0056,0.0079,0.1279,5.8661,2.1688,8.0117,0.4067,0.3308,1.2421,12.7082,23.4453,3.0534,1.3131,-0.0088,0.1537,19.6981,0.0085,0.0085,0.0221,0.085,0.0851,0.0217,0.02676936111714,0.0321,0.0221,-0.0613,-6580000.0,-0.0164,168.8561,71595000000,0.0,-0.0014,0.0062,0.0019,FY2016.FQ4,4
60,0.65,2017-05-04,2017-03,229.72,394792000,10.2864,10.1066,75714000000,180.2285,0.554,0.0,2.9725,2.8632,0.0507,0.2199,0.0168,0.0,482833000000,0.0243,0.1649,5.5551,4.9749,2796000000,0.5404,0.3483,6.6555,178904618240,2.3629,21.0031,64.7032,5.5084,2.497,0.012,0.9216,0.0972,0.0989,-4150000000,0.0,-0.4285,-0.517,-9.8786,0.1118,0.0106,0.0094,0.0,0.0519,0.0513,0.398,0.4012,90691618240,135334000000,0.9867,0.2809,-0.0684,-0.4156,0.0046,0.0073,0.1262,8.8577,0.611,6.0437,0.3163,0.3134,1.1978,10.647,32.7998,2.7924,1.2658,-0.0043,0.2663,19.1049,0.0097,0.0085,0.0241,0.098,0.0851,0.0249,0.02676936111714,0.0389,0.0221,-0.061,2160000.0,0.0055,170.5474,71647000000,0.0028,0.0182,0.0055,0.0009,FY2017.FQ1,1
61,0.75,2017-08-04,2017-06,221.9,388213000,10.4588,10.1066,75472000000,182.6082,0.0735,0.0,3.1043,2.9011,0.0424,0.0148,0.0225,0.1538,493297000000,0.0214,0.1418,5.6913,5.0309,2774000000,0.0243,0.3517,6.7118,191270464700,2.5343,22.4311,-10.6338,5.8974,2.6791,-0.0102,0.0618,0.0956,0.0989,-11265000000,0.0,-2.1874,-1.4282,-27.2562,0.2702,0.0131,0.01,0.0648,0.122,0.119,0.4354,0.4192,86144464700,158179000000,0.0049,0.2321,-0.0196,0.045,0.0046,0.0071,0.1898,-9.8272,0.0186,6.0706,0.3181,0.3134,1.1414,10.1025,-4.7892,2.656,1.2066,0.0025,-0.0056,19.0829,0.0094,0.0085,0.0237,0.0982,0.0851,0.0243,0.02676936111714,0.0365,0.0221,-0.0589,-6579000.0,-0.0166,172.7365,71392000000,0.0057,0.0107,0.0045,0.0018,FY2017.FQ2,2
62,0.75,2017-11-03,2017-09,237.19,379099000,10.7788,10.1066,75089000000,185.085,0.1715,-0.0869,3.2444,2.9202,0.0442,0.0659,0.0225,0.0,512307000000,0.0196,0.1603,5.9369,5.1444,3256000000,0.0452,0.391,8.0256,197035491810,2.624,23.0154,-18.9803,6.0457,2.7739,-0.0166,0.0286,0.0927,0.0989,2258000000,-0.0995,1.4222,0.2711,5.5656,0.2849,0.0118,0.0101,0.0659,0.2556,0.2531,0.4686,0.4348,89918491810,163358000000,0.0162,0.2555,-0.0161,0.1889,0.0047,0.0069,0.1494,-6.2942,0.0376,7.3354,0.3574,0.3134,1.1974,10.5032,-8.6618,2.7589,1.2659,-0.0237,0.0193,20.5225,0.0093,0.0085,0.0233,0.0989,0.0851,0.0237,0.02676936111714,0.0346,0.0221,-0.0569,-9114000.0,-0.0234,175.0825,71031000000,0.0072,0.0569,0.0013,-0.0093,FY2017.FQ3,3
63,0.75,2018-02-26,2017-12,254.76,374809000,11.1471,10.1988,70390000000,177.1263,-0.0958,0.0,3.5188,2.9324,0.0452,0.1168,0.0144,0.0,492775000000,0.0203,0.0532,5.9916,5.3023,3458000000,-0.0562,0.4075,8.7015,213014340840,3.0262,49.7,-9.2217,6.5094,3.2103,0.0,-2.0846,0.0897,0.098,-9942000000,0.0,-4.5814,-1.1717,-25.0176,1.6203,0.012,0.0103,0.056,0.3299,0.3273,0.4814,0.4485,95486340840,179346000000,-1.8214,-0.2272,0.0308,1.6726,0.0058,0.0062,-0.1361,0.0,-0.085,7.8208,0.3662,0.3172,1.3565,22.2786,-4.1337,2.9179,1.439,-0.0066,0.0159,21.3512,0.0046,0.0077,0.022,0.0508,0.0773,0.0116,0.02676936111714,0.0167,0.02,-0.0627,-4290000.0,-0.0113,166.9652,66352000000,0.0064,0.0658,-0.0063,-0.0535,FY2017.FQ4,4
64,0.75,2018-05-04,2018-03,251.86,377706000,11.648,10.3264,72376000000,183.7887,-0.0205,0.0,3.5945,2.9584,0.0513,0.1798,0.0144,0.0,529843000000,0.0288,0.0973,6.3394,5.4696,3718000000,0.3297,0.3688,9.4413,211314033160,2.9196,43.4534,-10.3236,6.076,3.0926,0.0913,0.3495,0.0858,0.0968,-1520000000,0.0,0.6337,-0.1507,-3.8598,0.1716,0.0105,0.0105,0.0547,0.4228,0.4229,0.48,0.4485,95129033160,179928000000,0.2558,0.2809,0.0086,0.779,0.0065,0.0061,0.1079,2.1417,0.3465,8.682,0.3391,0.3286,1.3143,19.5617,-4.6474,2.7353,1.3922,0.0392,0.2559,25.5967,0.0051,0.0067,0.0229,0.0586,0.0683,0.0128,0.02676936111714,0.0185,0.0177,-0.0626,2897000.0,0.0077,173.5068,68327000000,0.01,0.0888,-0.0048,-0.0384,FY2018.FQ1,1
65,0.8,2018-08-03,2018-06,220.57,377879000,11.185,10.4126,75396000000,192.0427,0.1851,-0.0079,3.4427,3.0384,0.0463,0.2222,0.0209,0.0666,554340000000,0.0204,0.1237,6.4012,5.6232,3611000000,0.3017,0.3747,9.1976,191333771030,2.5377,34.185,-103.1448,5.2381,2.6838,0.1675,0.5139,0.0894,0.096,7349000000,-0.0178,1.6523,0.7626,18.7187,0.217,0.0117,0.0105,0.0504,0.3712,0.3731,0.4885,0.4485,83348771030,166721000000,0.4008,0.2661,0.0365,0.2715,0.0065,0.0061,0.1337,0.8885,0.3056,8.3443,0.3399,0.3395,1.1054,14.8916,-44.9319,2.2818,1.1691,0.029,0.2217,24.544,0.0057,0.0061,0.0238,0.0657,0.0663,0.0145,0.02676936111714,0.0216,0.016,-0.05,173000.0,0.0004,181.5843,71290000000,0.0117,0.0684,-0.0001,-0.0008,FY2018.FQ2,2
66,0.8,2018-11-02,2018-09,224.24,372739000,11.0323,10.6188,75559000000,193.4929,0.0193,0.0,3.4303,3.1743,0.0374,0.1412,0.0209,0.0,546884000000,0.0281,0.0674,6.3032,5.8141,3395000000,0.0426,0.3849,8.6939,206858993360,2.7377,34.5167,-18.6645,5.5876,2.8948,0.0888,0.2509,0.0906,0.0941,-6970000000,0.0,-4.0868,-0.7902,-17.8489,0.1799,0.0126,0.0112,0.0474,0.2372,0.2362,0.508,0.452,83582993360,178750000000,0.186,0.2861,-0.0031,0.1726,0.0066,0.0061,0.1273,1.569,0.0342,7.8822,0.3489,0.3444,1.1061,13.9467,-7.5415,2.2577,1.1696,0.0335,0.0593,22.5864,0.0062,0.0063,0.0239,0.0691,0.068,0.0155,0.02676936111714,0.0231,0.0163,-0.0374,-5140000.0,-0.0136,182.991,71458000000,0.0086,0.029,-0.0001,0.0054,FY2018.FQ3,3
67,0.8,2019-02-26,2018-12,167.05,367742000,10.332,10.6188,78982000000,205.7358,0.1862,0.0351,3.1721,3.2083,0.0249,0.1417,0.0209,0.0,511666000000,0.017,0.0383,5.6735,5.8141,3085000000,-0.1078,0.3818,8.0359,166911301100,2.1132,15.9586,13.5777,4.5584,2.2284,0.0496,2.0961,0.0967,0.0941,13434000000,0.0353,2.3512,1.6626,34.9934,0.0627,0.0107,0.0112,0.0733,0.482,0.4838,0.6249,0.4743,61431301100,155537000000,2.3163,0.3141,0.0277,0.1035,0.0071,0.0061,0.1324,1.1827,-0.1287,7.0539,0.3351,0.3444,0.7777,5.8735,4.9972,1.6777,0.8201,0.0018,-0.0477,21.0471,0.011,0.0075,0.0233,0.1182,0.077,0.0275,0.02676936111714,0.0409,0.0193,-0.0339,-4997000.0,-0.0134,195.1028,74900000000,0.0038,0.0163,0.0041,0.0965,FY2018.FQ4,4
68,0.8,2019-05-06,2019-03,191.99,366772000,10.2505,10.6188,79070000000,206.773,-0.2706,0.0,3.2353,3.2399,0.0279,0.0874,0.0209,0.0,540807000000,0.0204,0.0206,5.9907,5.9638,3087000000,-0.1697,0.3505,8.0726,222220556280,2.8104,22.4965,-7.3058,6.2875,2.9638,0.0158,-0.1784,0.0975,0.0941,-44230000000,0.0,-28.0986,-5.0221,-115.6642,0.1721,0.0135,0.0118,0.0539,0.1565,0.1531,0.5105,0.4807,70416556280,204183000000,-0.2051,0.2555,0.0708,0.3267,0.0077,0.0061,0.1401,4.5028,-0.2047,7.1103,0.3087,0.3395,0.8905,7.1286,-2.315,1.9923,0.9391,0.0075,-0.1262,23.0308,0.0106,0.0089,0.0217,0.1094,0.0915,0.026,0.02676936111714,0.0365,0.0227,-0.0289,-970000.0,-0.0026,196.0721,74978000000,0.005,-0.0494,0.0035,0.08,FY2019.FQ1,1
69,0.85,2019-08-05,2019-06,204.6,360540000,10.3958,10.6188,79689000000,210.8174,-0.3068,0.0935,3.2043,3.2399,0.0297,0.0842,0.0271,0.0625,552840000000,0.0168,-0.0027,6.0823,5.9912,3526000000,-0.0235,0.3726,9.328,216779484000,2.7203,22.2703,-7.2365,6.1641,2.8684,0.0135,-0.0284,0.0961,0.0941,7810000000,0.1089,0.0627,0.8254,20.6613,0.2257,0.0142,0.0119,0.054,0.1336,0.1307,0.5108,0.485,73766484000,200157000000,-0.0561,0.2558,0.1229,0.0688,0.0075,0.0065,0.1462,5.6062,-0.0454,8.2724,0.3305,0.3371,0.9256,7.5782,-2.4624,2.0975,0.976,0.0125,-0.0181,25.0291,0.0104,0.0093,0.0212,0.1074,0.0981,0.0254,0.02676936111714,0.0332,0.024,-0.0371,-6232000.0,-0.0169,199.9338,75575000000,0.0094,-0.0244,0.0045,0.0495,FY2019.FQ2,2
70,1.25,2019-11-01,2019-09,207.23,357509000,10.9477,10.8632,80809000000,215.8936,-0.2084,0.0,3.1334,3.2399,0.0362,0.2058,0.0675,0.4705,612004000000,0.0239,0.119,6.6513,6.037,2889000000,-0.149,0.3471,7.7184,211098590070,2.6123,23.2308,-14.6953,6.0886,2.7804,-0.0072,-0.2372,0.0913,0.092,8621000000,0.0,2.2368,1.0358,23.0323,0.223,0.0151,0.0123,0.0552,0.1321,0.1292,0.477,0.485,74086590070,194222000000,-0.2563,0.2255,0.0692,0.1775,0.0073,0.0066,0.2609,-11.2916,-0.215,6.4547,0.2902,0.3371,0.9168,8.153,-5.1574,2.1368,0.9758,0.0036,-0.0563,22.2361,0.0093,0.0093,0.0197,0.0993,0.0986,0.0238,0.02676936111714,0.0314,0.0237,-0.0414,-3031000.0,-0.0084,202.8399,75923000000,0.0119,0.0523,0.0057,0.0605,FY2019.FQ3,3
71,1.25,2020-02-21,2019-12,229.93,347343000,11.0005,10.9741,79062000000,215.1932,0.0229,0.0,3.069,3.2399,0.0423,0.2006,0.0524,0.0,617623000000,0.0227,0.207,6.8423,6.1928,2785000000,-0.0972,0.2803,7.5802,167732575990,2.1215,19.8124,7.6045,4.5921,2.2597,0.0173,-0.2235,0.0909,0.0911,49856000000,0.0,2.7111,5.0182,135.6995,0.174,0.013,0.0123,0.0727,0.1156,0.1131,0.5807,0.4983,79864575990,143479000000,-0.2446,0.1929,0.0305,0.0746,0.007,0.0068,0.2665,5.4466,-0.1429,6.3173,0.2336,0.3371,1.0101,9.4335,3.6208,2.1865,1.0759,0.0233,0.2295,27.0413,0.0084,0.0088,0.0188,0.0928,0.0959,0.0226,0.02676936111714,0.0325,0.0231,-0.0429,-10166000.0,-0.0284,202.0277,74225000000,0.0091,0.0656,0.004,0.0008,FY2019.FQ4,4
72,1.25,2020-05-01,2020-03,154.59,343857000,11.7965,11.0164,81176000000,224.8019,0.2003,0.0,3.2703,3.2528,0.0518,0.3403,0.0524,0.0,606121000000,0.0169,0.1207,6.5612,6.3213,1785000000,-0.4217,0.2041,4.9432,188532853630,2.3225,25.3813,17.4405,5.1708,2.4688,-0.0467,-0.4553,0.0847,0.0907,-55477000000,0.0,-0.2542,-6.346,-153.6333,0.1001,0.0218,0.0128,0.0775,0.5669,0.5537,0.5969,0.5093,53156853630,196620000000,-0.4611,0.1387,0.0604,0.0779,0.0072,0.0071,0.4019,-1.5306,-0.5042,3.733,0.1541,0.3328,0.6548,7.1562,4.9173,1.4579,0.696,0.0048,-0.0073,24.2093,0.0071,0.0077,0.0157,0.0813,0.0871,0.0195,0.02676936111714,0.0284,0.021,-0.0557,-3486000.0,-0.01,211.4815,76366000000,0.0159,0.1776,0.0068,0.0233,FY2020.FQ1,1
73,1.25,2020-08-07,2020-06,197.62,343935000,12.6795,11.0164,78826000000,221.608,0.4556,0.0,3.2779,3.2528,0.0683,0.6141,0.0524,0.0,664277000000,0.0303,0.2015,7.3784,6.3703,1790000000,-0.4923,0.1346,5.0323,173918434700,2.2063,32.3268,-18.727,4.3161,2.3491,0.0,-0.9087,0.0788,0.0907,-12287000000,0.0,-2.5732,-0.9241,-34.5431,0.711,0.0322,0.0132,0.0613,0.4237,0.3978,0.4505,0.5093,67968434700,162514000000,-0.8459,0.028,0.005,-0.1185,0.0068,0.0071,2.3584,0.0,-0.5871,3.6294,0.0971,0.3196,0.8622,12.6335,-7.3186,1.6867,0.918,0.0459,0.4052,37.377,0.0048,0.0077,0.0116,0.0589,0.0871,0.0138,0.02676936111714,0.0198,0.021,-0.0589,78000.0,0.0002,208.136,74034000000,0.0221,0.208,0.009,-0.0094,FY2020.FQ2,2
74,1.25,2020-11-02,2020-09,200.97,344071000,12.2186,11.0164,81447000000,226.3045,0.6281,0.0,3.1215,3.2198,0.0563,0.4298,0.0524,0.0,693123000000,0.0272,0.1325,7.481,6.4812,4767000000,0.65,0.4421,13.2453,145403948870,1.7852,21.165,8.823,3.401,1.9011,0.0259,0.8747,0.0818,0.0907,34388000000,0.0,2.9888,3.1896,95.5487,0.2167,0.0321,0.0138,0.0477,0.3258,0.3029,0.4423,0.5093,69147948870,136012000000,0.7938,0.3123,0.0167,0.0753,0.0064,0.0071,0.1391,3.8776,0.7793,11.9449,0.3987,0.3196,0.8489,10.0652,4.1958,1.6173,0.9041,0.0067,0.2953,29.9555,0.006,0.0077,0.0142,0.0752,0.0871,0.0179,0.02676936111714,0.0285,0.021,-0.0384,136000.0,0.0003,212.509,76482000000,0.0152,0.1238,0.0103,0.0069,FY2020.FQ3,3
75,1.25,2021-02-22,2020-12,263.71,344089000,12.1234,11.0164,84729000000,234.5764,0.1669,0.0268,3.0687,3.1882,0.0541,0.368,0.0456,0.0,687959000000,0.0218,0.1138,7.1713,6.6062,6039000000,1.1684,0.5143,16.7192,163198710190,1.9261,17.2532,-7.4608,3.6625,2.0459,0.0728,1.5756,0.0824,0.0907,11502000000,0.0458,-0.7692,0.9796,31.8438,0.1867,0.0322,0.0147,0.0481,0.0873,0.0662,0.4615,0.5093,90739710190,138547000000,1.3505,0.3837,0.0347,0.3239,0.0068,0.0071,0.1034,1.3169,1.3873,15.3405,0.4719,0.3196,1.0709,9.5929,-4.1482,2.0363,1.1375,0.0199,0.1817,32.5055,0.0082,0.0083,0.0192,0.1003,0.0961,0.0244,0.02676936111714,0.0408,0.0232,-0.0168,18000.0,0.0001,220.8388,79767000000,0.0184,0.1712,0.0102,0.0627,FY2020.FQ4,4
76,1.25,2021-05-04,2021-03,327.0,340018000,13.3267,11.3985,88461000000,245.1122,0.812,0.0,3.1484,3.1603,0.0655,0.3001,0.0456,0.0,708235000000,0.0261,0.1684,7.2517,6.7468,8835000000,3.9495,0.499,24.4804,153847886000,1.7391,10.2007,5.6354,2.8745,1.8412,0.1146,4.9807,0.075,0.0878,-6303000000,0.0,0.8863,-0.356,-17.4646,0.18,0.0281,0.0184,0.0494,-0.0498,-0.0559,0.4362,0.4938,111185886000,116339000000,4.6356,0.3861,0.0564,0.1287,0.007,0.0071,0.0672,0.6427,5.1847,23.1005,0.4709,0.3196,1.2568,7.372,4.0727,2.0774,1.3307,0.0721,1.0251,49.0551,0.0122,0.0088,0.029,0.1558,0.0998,0.0379,0.02676936111714,0.0672,0.0241,-0.0005,-4071000.0,-0.0118,231.5156,83554000000,0.0312,0.1943,0.0119,0.0572,FY2021.FQ1,1
77,1.25,2021-08-04,2021-06,379.53,337276000,13.6217,11.96,92687000000,260.3567,0.8121,0.0369,3.2446,3.1764,0.0682,0.14,0.0456,0.0,773943000000,0.0422,0.165,7.5958,7.0068,7360000000,3.1117,0.4782,20.6741,141123360280,1.5225,6.988,2.382,2.5375,1.6067,0.0953,27.3396,0.0734,0.0836,19657000000,0.0387,2.5998,1.2774,55.2162,0.1979,0.0244,0.0231,0.0306,0.1058,0.1148,0.437,0.4693,128006360280,90305000000,13.7077,0.3565,0.0509,0.7256,0.0075,0.0071,0.0832,0.6645,4.2982,19.2134,0.4445,0.3196,1.381,6.3385,2.1606,2.3016,1.4574,0.0665,0.1574,43.2247,0.015,0.0088,0.0349,0.2024,0.0998,0.0482,0.02676936111714,0.0994,0.0241,0.0008,-2742000.0,-0.008,246.7191,87832000000,0.0406,0.2158,0.0122,0.1317,FY2021.FQ2,2
78,2.0,2021-11-01,2021-09,378.03,334793000,13.5773,12.171,96344000000,272.235,0.3826,0.0,2.9515,3.1409,0.0733,0.2748,0.0959,0.6,766375000000,0.0354,0.1056,7.2097,7.1905,7351000000,0.542,0.5401,20.7714,169379797790,1.758,7.6276,-13.119,2.8983,1.8507,0.1008,0.6625,0.0736,0.0821,-37767000000,0.0,-2.0982,-2.7753,-106.7165,0.2139,0.0226,0.0235,0.0577,0.2717,0.2841,0.4412,0.456,126561797790,101908000000,0.5972,0.3952,0.0253,0.4428,0.0079,0.0071,0.1339,0.5649,0.5915,19.3331,0.5027,0.3646,1.3136,5.6994,-9.8026,2.1656,1.3828,0.0444,0.2622,38.4515,0.0156,0.0088,0.0369,0.2133,0.0998,0.052,0.02676936111714,0.1109,0.0241,-0.0166,-2483000.0,-0.0073,258.6069,91521000000,0.0454,0.2748,0.0164,0.1472,FY2021.FQ3,3
79,2.0,2022-02-25,2021-12,382.55,333573000,13.3179,12.449,99223000000,281.4836,0.675,0.1337,2.9281,3.1275,0.0815,0.401,0.0893,0.0,823253000000,0.0406,0.1966,7.4891,7.2307,5513000000,-0.0871,0.4361,15.6397,132326351150,1.3336,6.1163,23.7825,2.23,1.3999,0.064,-0.1051,0.075,0.0803,29977000000,0.1439,1.6062,2.3717,85.0411,0.2169,0.022,0.0235,0.0667,0.3512,0.3655,0.4451,0.4478,127608351150,60843000000,-0.1267,0.3113,0.0529,0.273,0.0081,0.0071,0.185,0.9207,-0.0931,14.2553,0.3975,0.3981,1.286,5.8982,22.9346,2.1504,1.35,0.0293,0.0764,35.8553,0.0148,0.0088,0.0349,0.2001,0.0998,0.0507,0.02676936111714,0.1141,0.0241,-0.024,-1220000.0,-0.0036,268.1418,94520000000,0.0447,0.2587,0.0191,0.1458,FY2021.FQ4,4
80,2.0,2022-05-02,2022-03,330.1,343396000,13.7925,12.9987,104536000000,293.7229,0.4342,0.0,2.9265,3.0952,0.0778,0.3523,0.0481,0.0,844682000000,0.0327,0.1926,7.3298,7.2907,5148000000,-0.4173,0.398,14.4647,108717019600,1.0399,5.8019,-13.2711,1.9923,1.1087,0.0842,-0.4215,0.0725,0.0769,-20059000000,0.0,-2.1824,-1.5509,-56.3613,0.1539,0.024,0.0242,0.0688,0.3592,0.3649,0.4384,0.4437,113355019600,63087000000,-0.4237,0.3045,0.0612,0.2327,0.0081,0.0071,0.1858,0.7176,-0.4415,13.0823,0.36,0.3981,1.0843,6.0494,-13.8372,2.0773,1.156,0.045,-0.2694,36.3388,0.0122,0.0103,0.0285,0.1664,0.128,0.0423,0.02676936111714,0.1073,0.0312,-0.0138,9823000.0,0.0294,275.5127,98055000000,0.0466,0.2211,0.0227,0.1799,FY2022.FQ1,1
81,2.0,2022-08-04,2022-06,297.02,341963000,13.5845,13.3223,107168000000,297.276,0.201,-0.0092,2.7775,3.0951,0.0749,0.2782,0.0481,0.0,878710000000,0.0358,0.1353,7.4548,7.3541,4114000000,-0.441,0.3467,11.4119,74089850260,0.6913,4.5793,4.3569,1.4514,0.7486,0.0512,-0.4853,0.0736,0.075,44854000000,-0.0105,1.2818,3.7806,124.4216,0.174,0.0252,0.0248,0.0504,0.3489,0.3478,0.4612,0.4437,101569850260,38784000000,-0.4664,0.2467,0.0499,0.0644,0.008,0.0074,0.2587,1.2252,-0.4818,9.8307,0.2987,0.3981,0.9477,6.2778,5.9729,1.9898,1.0263,0.0179,-0.229,32.9098,0.0101,0.0111,0.0239,0.1388,0.1473,0.036,0.02676936111714,0.0965,0.0369,0.0126,-1433000.0,-0.0041,274.502,98958000000,0.0489,0.1536,0.027,0.1568,FY2022.FQ2,2
82,2.5,2022-11-03,2022-09,293.05,339103000,13.0437,13.3223,108587000000,302.3023,0.3418,0.0,2.5942,3.0101,0.0602,0.1852,0.0717,0.25,895749000000,0.0398,0.1688,7.509,7.4166,4422000000,-0.3984,0.3692,12.3106,64821134150,0.5969,4.6734,0.9243,1.3118,0.646,0.1024,-0.4474,0.0766,0.075,15353000000,0.0,1.4065,1.282,42.7422,0.1829,0.0266,0.0259,0.0328,0.2351,0.23,0.4598,0.4437,99374134150,25216000000,-0.4293,0.2562,0.0452,0.3062,0.0083,0.0077,0.303,0.6991,-0.451,10.4565,0.3136,0.3981,0.9151,7.1646,1.417,2.0111,0.9904,0.0319,-0.12,33.3379,0.0087,0.0111,0.0204,0.1169,0.1473,0.0317,0.02676936111714,0.0921,0.0369,0.0149,-2860000.0,-0.0083,279.3318,100336000000,0.0362,0.0781,0.0258,0.1222,FY2022.FQ3,3
83,2.5,2023-02-24,2022-12,343.38,334919000,12.3031,13.3223,106486000000,298.6146,-0.0735,0.0,2.7664,2.9398,0.0371,0.0616,0.0717,0.0,798349000000,0.0185,-0.0302,6.8124,7.3923,2257000000,-0.5906,0.213,6.3292,129578486220,1.2168,11.5068,16.903,2.7357,1.3208,0.2013,-0.6928,0.0812,0.075,-32482000000,0.0,-2.0835,-3.0663,-91.088,0.1333,0.0299,0.0259,0.0432,0.1399,0.1306,0.478,0.4437,115004486220,82374000000,-0.663,0.1251,0.0818,0.1554,0.009,0.0079,0.753,0.507,-0.6955,4.2905,0.1444,0.3981,1.0799,10.2126,15.0018,2.428,1.1722,-0.0224,-0.1618,29.7055,0.0075,0.0111,0.0163,0.0952,0.1473,0.0258,0.02676936111714,0.0654,0.0369,0.0116,-4184000.0,-0.0123,275.1065,98103000000,0.0236,-0.0151,0.0267,0.066,FY2022.FQ4,4
84,2.5,2023-05-04,2023-03,327.11,332884000,13.0913,13.3223,106806000000,304.0307,-0.1635,-0.1229,2.7745,2.9273,0.0369,-0.0291,0.0717,0.0,900758000000,0.0265,0.0663,7.6654,7.3923,4963000000,-0.0359,0.406,14.1275,129517685240,1.2126,12.2695,3.5053,2.776,1.3162,-0.0021,-0.183,0.0763,0.075,9224000000,-0.1232,1.4598,0.7545,26.2567,0.19,0.0274,0.0259,0.0471,0.0796,0.0758,0.4875,0.4524,108889685240,96710000000,-0.1789,0.2645,0.0509,-0.0251,0.0089,0.008,0.2844,-48.2879,-0.1423,11.3663,0.3266,0.3787,1.0195,10.3154,2.947,2.3338,1.1065,0.0126,-0.0548,34.7964,0.007,0.0111,0.0155,0.0899,0.1473,0.0238,0.02676936111714,0.051,0.0369,-0.0129,-2035000.0,-0.006,280.1081,98402000000,0.0311,-0.0321,0.024,0.0196,FY2023.FQ1,1
85,2.5,2023-08-03,2023-06,322.54,330812000,13.4891,13.4079,105790000000,304.6947,-0.0612,0.1102,2.7162,2.852,0.0437,0.0192,0.0717,0.0,942410000000,0.0319,0.0724,8.0898,7.472,3330000000,-0.1905,0.3056,9.591,74797102480,0.707,8.4564,3.1727,1.6371,0.7638,-0.1277,-0.6015,0.0741,0.0745,31480000000,0.1059,-0.2981,2.8893,90.6682,0.2995,0.0285,0.0259,0.0433,0.0158,0.0124,0.4597,0.4524,106700102480,45494000000,-0.5845,0.1116,0.0179,-0.0288,0.0082,0.0081,0.8116,-0.9444,-0.5101,5.0,0.1593,0.3433,1.0086,12.0633,4.5259,2.3354,1.0895,-0.0074,-0.0816,31.3796,0.0056,0.0111,0.0133,0.0755,0.1473,0.0201,0.02676936111714,0.047,0.0369,-0.0368,-2072000.0,-0.0062,282.0478,97927000000,0.0305,-0.0186,0.0196,-0.0116,FY2023.FQ2,2
86,2.75,2023-11-03,2023-09,323.57,326605000,13.4481,13.4686,106074000000,308.4443,-0.1561,0.0,2.6516,2.776,0.0348,0.0208,0.082,0.1,966846000000,0.0316,0.0793,8.2441,7.499,4268000000,-0.0348,0.3611,12.4105,98092579850,0.9247,12.5213,-5.6602,2.1545,0.9926,-0.1151,-0.3369,0.0743,0.0742,-25552000000,0.0,-2.6643,-2.1623,-74.3006,0.2532,0.0267,0.0259,0.0391,0.009,0.0089,0.4545,0.4571,105679579850,71104000000,-0.3294,0.1741,0.0043,-0.2427,0.0074,0.0081,0.5027,-1.171,-0.2662,8.0139,0.2332,0.3201,0.9962,13.4898,-6.098,2.3211,1.0694,-0.0396,-0.0131,34.3617,0.0049,0.0094,0.012,0.067,0.1278,0.0181,0.02676936111714,0.0447,0.0338,-0.0425,-4207000.0,-0.0127,287.3509,98820000000,0.0193,0.0135,0.0184,-0.0168,FY2023.FQ3,3
87,2.75,2024-02-23,2023-12,385.77,323376000,14.0421,13.4686,105702000000,309.9765,-0.001,0.0,2.8505,2.776,0.0341,0.1079,0.082,0.0,1002452000000,0.0262,0.2556,8.5749,7.499,3034000000,0.3442,0.268,8.8973,133270759520,1.2608,15.6494,-11.4641,2.8812,1.3515,-0.0959,0.6506,0.0712,0.0742,-26777000000,0.0,0.1756,-2.3658,-78.5249,0.1091,0.0268,0.0267,0.0348,0.0193,0.0227,0.4397,0.4571,124748759520,91671000000,0.5143,0.1774,-0.0194,-0.3543,0.0064,0.0081,0.5018,-1.5273,0.4732,6.6099,0.1991,0.3061,1.1801,14.6487,-10.731,2.697,1.265,-0.0302,0.0684,33.1906,0.0052,0.0081,0.0125,0.0727,0.1061,0.0193,0.02676936111714,0.0429,0.0288,-0.0437,-3229000.0,-0.0098,289.1759,98609000000,0.0169,0.1385,0.0138,-0.0024,FY2023.FQ4,4
88,2.75,2024-05-03,2024-03,417.69,324014000,14.3272,13.4686,107343000000,316.1796,-0.0869,0.0,2.7814,2.776,0.0283,0.1734,0.0323,0.0,1014435000000,0.0284,0.1262,8.5573,7.5872,5864000000,0.1815,0.4125,17.2724,169057407660,1.5749,17.958,-3.4512,3.5042,1.6834,-0.025,0.3174,0.0697,0.0742,-28136000000,0.0,-4.0503,-1.9795,-82.8748,0.2109,0.0259,0.0267,0.0253,0.0312,0.0329,0.4285,0.4571,135337407660,120349000000,0.2776,0.2907,-0.0128,-0.2285,0.0058,0.0081,0.2374,-5.73,0.3115,15.4256,0.3684,0.3061,1.2607,14.3761,-2.7628,2.8053,1.3476,0.0043,0.1627,41.8645,0.0056,0.0072,0.0135,0.0799,0.0925,0.0209,0.02676936111714,0.042,0.0248,-0.0335,638000.0,0.0019,295.8026,100425000000,0.0164,0.104,0.0109,0.0088,FY2024.FQ1,1
89,2.75,2024-08-02,2024-06,452.32,316163000,13.8395,13.5368,106710000000,318.0625,-0.2384,-0.1477,2.8179,2.776,0.0174,0.0858,0.0323,0.0,1032831000000,0.0229,0.0959,8.6456,7.8776,4562000000,0.3699,0.3583,13.5976,182057848160,1.706,16.1958,-2.4457,3.6354,1.8237,-0.0223,1.7987,0.0722,0.0738,6026000000,-0.1482,-0.8085,0.4733,17.9612,0.2229,0.0254,0.0267,0.0154,0.0303,0.0336,0.4362,0.4571,143006848160,130320000000,1.5024,0.239,0.0224,0.3313,0.0063,0.0081,0.319,-5.6833,1.2557,11.6721,0.3075,0.3031,1.3401,12.7218,-1.9211,2.8556,1.4325,0.0007,0.1685,37.9463,0.0067,0.0068,0.0159,0.0944,0.0922,0.0248,0.02676936111714,0.046,0.0243,-0.0336,-7851000.0,-0.0242,297.5409,99825000000,0.0122,0.0521,0.0083,0.0254,FY2024.FQ2,2
90,3.0,2024-11-04,2024-09,495.11,314191000,14.258,13.5368,107947000000,326.321,-0.3551,0.0,2.8985,2.776,0.0141,0.105,0.0413,0.0909,1085950000000,0.0254,0.1231,8.9599,8.1669,4608000000,0.0796,0.3628,13.9298,261369106010,2.4212,21.4712,-3.0005,5.1288,2.5849,-0.0244,0.5356,0.0701,0.0738,-38221000000,0.0,-0.4958,-3.0097,-115.5411,0.25,0.0241,0.0267,0.0148,0.0728,0.0756,0.4412,0.4571,155559106010,196615000000,0.4528,0.2354,0.0368,0.6955,0.0071,0.0077,0.3571,-5.2252,0.4466,12.0525,0.3139,0.3031,1.441,12.779,-1.7858,3.0525,1.5384,-0.0018,0.0746,38.3887,0.0071,0.0068,0.017,0.1011,0.0922,0.0262,0.02676936111714,0.0428,0.0243,-0.038,-1972000.0,-0.0062,305.662,101113000000,0.0083,0.0956,0.005,0.0334,FY2024.FQ3,3
91,3.0,2025-02-27,2024-12,572.62,310654000,13.7379,13.6135,108743000000,331.0289,-0.2462,0.0029,2.8079,2.778,0.0101,0.0107,0.0413,0.0,1089629000000,0.0217,0.0869,8.9316,8.4007,5755000000,0.8968,0.4149,17.519,247725693480,2.278,17.3525,-18.0953,4.6293,2.4276,0.0445,1.1806,0.0727,0.0734,46641000000,0.0039,2.7418,3.3629,141.9817,0.2179,0.0232,0.0267,0.0107,0.0661,0.07,0.4638,0.4571,177886693480,160463000000,1.0473,0.2964,-0.009,0.1822,0.0071,0.0073,0.251,2.7985,1.3322,16.003,0.379,0.3106,1.6358,12.4605,-12.9939,3.3242,1.7432,0.0157,0.2253,42.2191,0.0083,0.0068,0.0202,0.1174,0.0922,0.0304,0.02676936111714,0.0475,0.0243,-0.0366,-3537000.0,-0.0112,310.6331,102043000000,0.0045,0.0209,0.0034,0.0435,FY2024.FQ4,4
92,3.0,2025-05-02,2025-03,546.29,307629000,14.209,13.7887,109147000000,336.3543,-0.2004,0.0,2.9021,2.7947,0.0178,0.0691,0.0183,0.0,1123480000000,0.0229,0.1074,9.0384,8.5661,6153000000,0.0492,0.4085,18.9614,272374646410,2.4954,18.3022,-11.7717,5.0104,2.6597,0.0552,0.2193,0.0703,0.0725,-37584000000,0.0,-0.3357,-2.4952,-115.8212,0.1609,0.021,0.0263,0.0169,0.1367,0.1424,0.4556,0.455,168054646410,193332000000,0.1466,0.3145,0.0354,1.1069,0.0084,0.0073,0.2124,2.0454,0.0782,17.4021,0.3749,0.3107,1.5397,11.2924,-7.2631,3.0914,1.641,0.0232,0.0597,46.416,0.0086,0.0068,0.0202,0.1208,0.0922,0.0313,0.02676936111714,0.0495,0.0243,-0.0441,-3025000.0,-0.0097,315.5839,102407000000,0.0127,0.0398,0.0041,0.0485,FY2025.FQ1,1
