,dividends,original_filing_date,period_end_date,period_end_price,shares_eop,accounts_payable,accumulated_depreciation,aoci,apic,cash_and_equiv,common_stock,current_accrued_liabilities,current_capital_leases,current_deferred_revenue,current_deferred_tax_liability,equity_and_other_investments,goodwill,intangible_assets,inventories,lt_debt,minority_interest_liability,noncurrent_capital_leases,noncurrent_deferred_revenue,other_current_assets,other_current_liabilities,other_equity,other_lt_assets,other_lt_liabilities,pension_liabilities,ppe_gross,ppe_net,preferred_stock,receivables,retained_earnings,st_debt,st_investments,tax_payable,total_assets,total_current_assets,total_current_liabilities,total_equity,total_liabilities,total_liabilities_and_equity,total_noncurrent_assets,total_noncurrent_liabilities,treasury_stock,fiscal_quarter_key,fiscal_quarter_number
0,0.0,2001-10-26,2001-09,25.59,10771507000,1143000000,-2966000000,0,0,3113000000,29296000000,586000000,0,5849000000,0,0,0,1905000000,0,0,0,0,0,4554000000,5284000000,0,12869000000,0,0,5227000000,2261000000,0,3615000000,19209000000,0,33050000000,0,61367000000,44332000000,12862000000,48505000000,12862000000,61367000000,17035000000,0,0,FY2002.FQ1,1
1,0.0,2002-02-08,2001-12,33.14,10806000000,1229000000,-2966000000,0,0,5256000000,30175000000,899000000,0,5300000000,0,0,0,1855000000,0,0,0,0,0,4664000000,4139000000,0,13304000000,2272000000,0,5206000000,2240000000,0,5095000000,21373000000,0,32973000000,0,65387000000,47988000000,11567000000,51548000000,13839000000,65387000000,17399000000,2272000000,0,FY2002.FQ2,2
2,0.0,2002-04-30,2002-03,30.16,10830926000,1136000000,-2966000000,0,0,5116000000,30904000000,822000000,0,5568000000,0,0,0,1710000000,0,0,0,0,59000000,4904000000,4316000000,0,16660000000,2178000000,0,5148000000,2182000000,0,4230000000,23396000000,0,33577000000,0,68379000000,47827000000,11842000000,54300000000,14079000000,68379000000,20552000000,2237000000,0,FY2002.FQ3,3
3,0.0,2002-09-06,2002-06,27.35,10718000000,1208000000,-3623000000,0,0,3016000000,31647000000,1145000000,0,5920000000,0,0,0,1669000000,673000000,0,0,0,398000000,4122000000,4471000000,0,15133000000,2324000000,0,5891000000,2268000000,0,5129000000,20533000000,0,35636000000,0,67646000000,48576000000,12744000000,52180000000,15466000000,67646000000,19070000000,2722000000,0,FY2002.FQ4,4
4,0.0,2002-11-14,2002-09,21.87,10692900000,1189000000,-3623000000,0,0,5338000000,33013000000,851000000,0,6841000000,0,0,0,3497000000,959000000,0,0,0,152000000,4159000000,4876000000,0,14506000000,2810000000,0,5812000000,2189000000,0,4450000000,20503000000,0,35137000000,0,70235000000,50043000000,13757000000,53516000000,16719000000,70235000000,20192000000,2962000000,0,FY2003.FQ1,1
5,0.0,2003-01-31,2002-12,25.85,10701385000,1342000000,-3623000000,0,0,5552000000,33605000000,1060000000,0,6810000000,0,0,0,3364000000,650000000,0,0,0,0,3963000000,4405000000,0,13807000000,2930000000,0,5880000000,2257000000,0,4894000000,22207000000,0,37872000000,0,72359000000,52931000000,13617000000,55812000000,16547000000,72359000000,19428000000,2930000000,0,FY2003.FQ2,2
6,0.08,2003-05-12,2003-03,24.21,10722000000,1310000000,-3623000000,0,0,4300000000,34332000000,1129000000,0,6798000000,0,0,0,3357000000,604000000,0,0,0,369000000,3815000000,3924000000,0,14245000000,2670000000,0,5831000000,2208000000,0,4075000000,23950000000,0,41878000000,0,74482000000,54672000000,13161000000,58282000000,16200000000,74482000000,19810000000,3039000000,0,FY2003.FQ3,3
7,0.0,2003-09-05,2003-06,25.64,10771000000,1573000000,-3855000000,0,0,6438000000,49234000000,1416000000,0,7225000000,0,0,0,3512000000,640000000,0,0,0,0,4089000000,3760000000,0,17024000000,2846000000,0,6078000000,2223000000,0,5196000000,15678000000,0,42610000000,0,81732000000,58973000000,13974000000,64912000000,16820000000,81732000000,22759000000,2846000000,0,FY2003.FQ4,4
8,0.0,2003-11-13,2003-09,27.8,10805000000,1341000000,-3855000000,0,0,5768000000,51298000000,869000000,0,6620000000,0,0,0,3506000000,1099000000,0,0,0,0,3656000000,6268000000,0,17672000000,2503000000,0,6048000000,2193000000,0,4533000000,15382000000,0,45854000000,0,84281000000,60910000000,15098000000,66680000000,17601000000,84281000000,23371000000,2503000000,0,FY2004.FQ1,1
9,0.16,2004-02-06,2003-12,27.37,10789000000,1360000000,-3855000000,0,0,6149000000,52676000000,1143000000,0,6229000000,0,0,0,3455000000,621000000,0,0,0,0,3394000000,5195000000,0,17904000000,2667000000,0,6033000000,2178000000,0,5608000000,16667000000,0,46628000000,0,85937000000,62400000000,13927000000,69343000000,16594000000,85937000000,23537000000,2667000000,0,FY2004.FQ2,2
10,0.0,2004-05-03,2004-03,24.93,10777000000,1412000000,-3855000000,0,0,9348000000,53975000000,1224000000,0,5949000000,0,0,0,3709000000,542000000,0,0,0,0,3384000000,7399000000,0,18530000000,3203000000,0,6113000000,2258000000,0,4937000000,16605000000,0,47059000000,0,89767000000,65270000000,15984000000,70580000000,19187000000,89767000000,24497000000,3203000000,0,FY2004.FQ3,3
11,0.0,2004-09-01,2004-06,28.8,10862000000,1717000000,-4163000000,0,0,14304000000,56396000000,1339000000,0,6514000000,0,0,0,3684000000,421000000,0,0,0,0,3663000000,5399000000,0,17792000000,4574000000,0,6489000000,2326000000,0,5890000000,18429000000,0,46288000000,0,94368000000,70566000000,14969000000,74825000000,19543000000,94368000000,23802000000,4574000000,0,FY2004.FQ4,4
12,0.08,2004-11-09,2004-09,27.79,10865000000,1439000000,-4163000000,0,0,11141000000,57147000000,918000000,0,6149000000,0,0,0,3649000000,608000000,0,0,0,0,2767000000,7305000000,0,15406000000,2511000000,0,6480000000,2317000000,0,5106000000,18799000000,0,53274000000,0,94268000000,72896000000,15811000000,75946000000,18322000000,94268000000,21372000000,2511000000,0,FY2005.FQ1,1
13,0.08,2005-01-27,2004-12,26.72,10880222000,1573000000,-4163000000,0,0,4556000000,58403000000,1098000000,0,6267000000,0,0,0,3599000000,304000000,0,0,0,0,2945000000,6107000000,0,14607000000,2664000000,0,6499000000,2336000000,0,6646000000,-11171000000,0,29948000000,0,64941000000,44399000000,15045000000,47232000000,17709000000,64941000000,20542000000,2664000000,0,FY2005.FQ2,2
14,0.08,2005-04-28,2005-03,24.17,10804353000,1636000000,-4163000000,0,0,3782000000,58829000000,1289000000,0,6275000000,0,0,0,3579000000,340000000,0,0,0,0,3049000000,6939000000,0,13782000000,2763000000,0,6484000000,2321000000,0,5610000000,-11456000000,0,33812000000,0,66275000000,46593000000,16139000000,47373000000,18902000000,66275000000,19682000000,2763000000,0,FY2005.FQ3,3
15,0.08,2005-08-26,2005-06,24.84,10710000000,2086000000,-4029000000,1426000000,0,4851000000,60413000000,1662000000,0,7502000000,0,0,0,3808000000,491000000,0,0,0,0,3315000000,5627000000,0,15924000000,5823000000,0,6375000000,2346000000,0,7180000000,-13724000000,0,32900000000,0,70815000000,48737000000,16877000000,48115000000,22700000000,70815000000,22078000000,5823000000,0,FY2005.FQ4,4
16,0.08,2005-10-27,2005-09,25.73,10644674000,1852000000,-4029000000,0,0,2974000000,60862000000,1196000000,0,7148000000,0,0,0,4006000000,726000000,0,0,0,0,3250000000,6826000000,0,15274000000,6113000000,0,6380000000,2351000000,0,5799000000,-12535000000,0,37082000000,0,71462000000,49831000000,17022000000,48327000000,23135000000,71462000000,21631000000,6113000000,0,FY2006.FQ1,1
17,0.08,2006-01-26,2005-12,26.15,10384000000,2477000000,-4029000000,0,0,4083000000,60140000000,1249000000,0,7118000000,0,0,0,4019000000,1003000000,0,0,0,0,3232000000,5903000000,0,14092000000,6302000000,0,6481000000,2452000000,0,7758000000,-15932000000,0,30618000000,0,67257000000,46694000000,16747000000,44208000000,23049000000,67257000000,20563000000,6302000000,0,FY2006.FQ2,2
18,0.09,2006-04-27,2006-03,27.21,10225000000,2354000000,-4029000000,0,0,4351000000,59850000000,1516000000,0,7215000000,0,0,0,4070000000,1113000000,0,0,0,0,3881000000,7282000000,0,13613000000,6449000000,0,6572000000,2543000000,0,6818000000,-17812000000,0,30465000000,0,66854000000,46628000000,18367000000,42038000000,24816000000,66854000000,20226000000,6449000000,0,FY2006.FQ3,3
19,0.09,2006-08-25,2006-06,23.3,10062000000,2909000000,-4179000000,1229000000,0,6714000000,59005000000,1938000000,0,9138000000,1557000000,0,3866000000,539000000,1478000000,0,0,0,0,4055000000,6900000000,0,13138000000,7051000000,0,7223000000,3044000000,0,9316000000,-20130000000,0,27447000000,0,69597000000,49010000000,22442000000,40104000000,29493000000,69597000000,20587000000,7051000000,0,FY2006.FQ4,4
20,0.09,2006-10-26,2006-09,27.35,9820000000,2406000000,-4179000000,0,57657000000,9076000000,0,1401000000,0,8310000000,0,0,4153000000,720000000,2521000000,0,0,0,0,4126000000,9855000000,0,11930000000,7281000000,0,7372000000,3193000000,0,6879000000,-21556000000,0,22756000000,0,65354000000,45358000000,21972000000,36101000000,29253000000,65354000000,19996000000,7281000000,0,FY2007.FQ1,1
21,0.1,2007-01-25,2006-12,29.86,9777000000,2944000000,-4179000000,0,61152000000,6859000000,0,1559000000,0,10023000000,0,0,4189000000,745000000,1725000000,0,0,0,0,4687000000,7689000000,0,12571000000,7522000000,0,7865000000,3686000000,0,9895000000,-24518000000,0,22014000000,0,66371000000,45180000000,22215000000,36634000000,29737000000,66371000000,21191000000,7522000000,0,FY2007.FQ2,2
22,0.1,2007-04-26,2007-03,27.87,9566808000,2843000000,-4179000000,1535000000,60827000000,7611000000,0,1878000000,0,8551000000,0,0,4217000000,699000000,1750000000,0,0,0,0,4343000000,8355000000,0,12269000000,7291000000,0,8102000000,3923000000,0,8454000000,-27389000000,0,20625000000,0,63891000000,42783000000,21627000000,34973000000,28918000000,63891000000,21108000000,7291000000,0,FY2007.FQ3,3
23,0.1,2007-08-03,2007-06,29.47,9375492000,3247000000,-5016000000,1654000000,0,6111000000,60557000000,0,0,10779000000,0,10117000000,4760000000,878000000,1127000000,0,0,0,1867000000,4292000000,8688000000,0,2898000000,6453000000,0,9366000000,4350000000,0,11338000000,-31114000000,0,17300000000,1040000000,63171000000,40168000000,23754000000,31097000000,32074000000,63171000000,23003000000,8320000000,0,FY2007.FQ4,4
24,0.1,2007-10-25,2007-09,29.46,9355439000,3206000000,-5016000000,1530000000,60699000000,6637000000,0,1796000000,0,9787000000,0,0,10151000000,1718000000,1178000000,0,0,0,0,4119000000,7955000000,0,13308000000,10766000000,0,9631000000,4615000000,0,8982000000,-30094000000,0,14937000000,0,65645000000,35853000000,22744000000,32135000000,33510000000,65645000000,29792000000,10766000000,0,FY2008.FQ1,1
25,0.11,2008-01-24,2007-12,35.6,9329000000,3612000000,-5016000000,1628000000,62528000000,7460000000,0,1977000000,0,10221000000,0,0,10309000000,1717000000,755000000,0,0,0,0,4323000000,6248000000,0,12573000000,10850000000,0,9981000000,4965000000,0,11621000000,-29725000000,0,13616000000,0,67339000000,37775000000,22058000000,34431000000,32908000000,67339000000,29564000000,10850000000,0,FY2008.FQ2,2
26,0.11,2008-04-24,2008-03,28.38,9313293000,3600000000,-5016000000,0,63375000000,11820000000,0,2427000000,0,10385000000,0,0,10346000000,1639000000,774000000,0,0,0,0,4503000000,10616000000,0,11757000000,6165000000,0,10532000000,5516000000,0,9871000000,-25821000000,0,14521000000,0,70747000000,41489000000,27028000000,37554000000,33193000000,70747000000,29258000000,6165000000,0,FY2008.FQ3,3
27,0.11,2008-07-31,2008-06,27.51,9151000000,4034000000,-6302000000,1140000000,0,10339000000,62849000000,0,0,13397000000,0,6588000000,12108000000,1973000000,985000000,0,0,0,1900000000,5006000000,9207000000,0,2640000000,4721000000,0,12544000000,6242000000,0,13589000000,-27703000000,0,13323000000,3248000000,72793000000,43242000000,29886000000,36286000000,36507000000,72793000000,29551000000,6621000000,0,FY2008.FQ4,4
28,0.11,2008-10-23,2008-09,26.69,8895573000,3351000000,-6622000000,877000000,0,9004000000,61655000000,2138000000,0,11815000000,0,0,12291000000,1899000000,1640000000,0,0,0,0,5305000000,5104000000,0,7173000000,7140000000,0,13174000000,6552000000,0,9535000000,-28938000000,1975000000,11718000000,0,65117000000,37202000000,24383000000,33594000000,31523000000,65117000000,27915000000,7140000000,0,FY2009.FQ1,1
29,0.13,2009-01-22,2008-12,19.44,8890563000,3533000000,-6959000000,585000000,0,8346000000,61392000000,2239000000,0,11532000000,0,0,12490000000,1815000000,968000000,0,0,0,0,5094000000,4406000000,0,6755000000,7598000000,0,13955000000,6996000000,0,10953000000,-27499000000,2000000000,12369000000,0,65786000000,37730000000,23710000000,34478000000,31308000000,65786000000,28056000000,7598000000,0,FY2009.FQ2,2
30,0.13,2009-04-23,2009-03,18.37,8899720000,3017000000,-7236000000,726000000,0,7285000000,61896000000,2644000000,0,10924000000,0,4112000000,12554000000,1756000000,657000000,0,0,0,1388000000,5545000000,4466000000,0,2595000000,6699000000,0,14348000000,7112000000,0,9182000000,-25679000000,1999000000,18055000000,773000000,68853000000,40724000000,23823000000,36943000000,31910000000,68853000000,28129000000,8087000000,0,FY2009.FQ3,3
31,0.13,2009-07-30,2009-06,23.77,8908000000,3324000000,-7547000000,0,0,6076000000,62382000000,0,0,13003000000,0,4933000000,12503000000,1759000000,717000000,3746000000,0,0,1281000000,5924000000,7982000000,0,1878000000,6269000000,0,15082000000,7535000000,0,11192000000,-22824000000,2000000000,25371000000,725000000,77888000000,49280000000,27034000000,39558000000,38330000000,77888000000,28608000000,11296000000,0,FY2009.FQ4,4
32,0.13,2009-10-23,2009-09,25.72,8900000000,3287000000,-7853000000,1334000000,0,8823000000,62293000000,2224000000,0,13567000000,0,6006000000,12582000000,1653000000,1150000000,3746000000,0,0,1356000000,5766000000,6586000000,10000000,1628000000,6537000000,0,15365000000,7512000000,0,8587000000,-22425000000,2250000000,27905000000,847000000,81612000000,52231000000,28761000000,41212000000,40400000000,81612000000,29381000000,11639000000,0,FY2010.FQ1,1
33,0.13,2010-01-28,2009-12,30.48,8811000000,3171000000,-8170000000,1322000000,0,9422000000,62566000000,2417000000,0,11361000000,0,6976000000,12368000000,1346000000,589000000,3746000000,0,0,1544000000,4603000000,5796000000,0,1517000000,6808000000,0,15572000000,7402000000,0,11196000000,-19605000000,2249000000,26677000000,721000000,82096000000,52487000000,25715000000,44283000000,37813000000,82096000000,29609000000,12098000000,0,FY2010.FQ2,2
34,0.13,2010-04-22,2010-03,29.29,8762000000,3279000000,-8393000000,0,0,8155000000,62517000000,2885000000,0,11171000000,0,7797000000,12463000000,1282000000,501000000,3746000000,0,0,1917000000,5214000000,5939000000,0,1478000000,7113000000,0,15765000000,7372000000,0,9137000000,-16807000000,2249000000,31511000000,901000000,84910000000,54518000000,26424000000,45710000000,39200000000,84910000000,30392000000,12776000000,0,FY2010.FQ3,3
35,0.13,2010-07-30,2010-06,23.01,8668000000,4025000000,-8629000000,1055000000,0,5505000000,62856000000,0,0,13652000000,0,7754000000,12394000000,1158000000,740000000,4939000000,0,0,1407000000,5134000000,6396000000,0,1501000000,7445000000,0,16259000000,7630000000,0,13014000000,-17736000000,1000000000,31283000000,1074000000,86113000000,55676000000,26147000000,46175000000,39938000000,86113000000,30437000000,13791000000,0,FY2010.FQ4,4
36,0.13,2010-10-28,2010-09,24.49,8562000000,3654000000,-8942000000,0,0,8161000000,61935000000,0,0,12767000000,0,9211000000,12471000000,1077000000,1242000000,9665000000,0,0,1692000000,4520000000,6300000000,0,1429000000,7384000000,0,16713000000,7771000000,0,9646000000,-14993000000,1000000000,36012000000,2136000000,91540000000,59581000000,25857000000,46942000000,44598000000,91540000000,31959000000,18741000000,0,FY2011.FQ1,1
37,0.16,2011-01-27,2010-12,27.91,8403000000,3863000000,-9279000000,0,0,4023000000,61646000000,0,0,12063000000,0,10022000000,12502000000,992000000,861000000,9671000000,0,0,2180000000,4697000000,6947000000,0,1307000000,7662000000,0,17078000000,7799000000,0,12874000000,-13165000000,0,37229000000,1439000000,92306000000,59684000000,24312000000,48481000000,43825000000,92306000000,32622000000,19513000000,0,FY2011.FQ2,2
38,0.16,2011-04-28,2011-03,25.39,8431000000,3829000000,-9564000000,0,0,7021000000,63234000000,0,0,11887000000,0,10748000000,12554000000,840000000,1056000000,11915000000,0,0,2317000000,5024000000,7487000000,0,1353000000,8001000000,0,17533000000,7969000000,0,10033000000,-9782000000,0,43129000000,839000000,99727000000,66263000000,24042000000,53452000000,46275000000,99727000000,33464000000,22233000000,0,FY2011.FQ3,3
39,0.16,2011-07-28,2011-06,26.0,8376000000,4197000000,-9829000000,0,0,9610000000,63415000000,0,0,15722000000,0,10865000000,12581000000,744000000,1372000000,11921000000,0,0,2854000000,5787000000,8275000000,0,1434000000,8072000000,0,17991000000,8162000000,0,14987000000,-6332000000,0,43162000000,580000000,108704000000,74918000000,28774000000,57083000000,51621000000,108704000000,33786000000,22847000000,0,FY2011.FQ4,4
40,0.16,2011-10-20,2011-09,24.89,8410000000,3719000000,-10209000000,0,0,12881000000,63492000000,0,0,14345000000,0,8576000000,12537000000,1026000000,2270000000,11927000000,0,0,2353000000,5445000000,6774000000,0,1972000000,8201000000,0,18242000000,8033000000,0,10153000000,-4101000000,0,44522000000,705000000,107415000000,75271000000,25543000000,59391000000,48024000000,107415000000,32144000000,22481000000,0,FY2012.FQ1,1
41,0.2,2012-01-19,2011-12,25.96,8382000000,3884000000,-10546000000,0,0,10610000000,63902000000,0,0,13985000000,0,7550000000,19670000000,2581000000,1351000000,11932000000,0,0,2431000000,5783000000,6583000000,0,1919000000,8386000000,0,18556000000,8010000000,0,13643000000,219000000,0,41126000000,921000000,112243000000,72513000000,25373000000,64121000000,48122000000,112243000000,39730000000,22749000000,0,FY2012.FQ2,2
42,0.2,2012-04-19,2012-03,32.26,8400000000,3790000000,-10952000000,0,0,6388000000,65273000000,3272000000,0,13929000000,0,9068000000,19698000000,2756000000,1412000000,11938000000,0,0,2718000000,4958000000,4221000000,0,1403000000,8525000000,0,19177000000,8225000000,0,10961000000,3386000000,0,53141000000,958000000,118010000000,76860000000,26170000000,68659000000,49351000000,118010000000,41150000000,23181000000,0,FY2012.FQ3,3
43,0.2,2012-07-26,2012-06,30.59,8381000000,4175000000,-10962000000,1422000000,0,6938000000,65797000000,0,0,18653000000,0,9776000000,13452000000,3170000000,1137000000,10713000000,0,0,3299000000,5127000000,7840000000,0,1520000000,8208000000,0,19231000000,8269000000,0,15780000000,-856000000,1231000000,56102000000,789000000,121271000000,85084000000,32688000000,66363000000,54908000000,121271000000,36187000000,22220000000,0,FY2012.FQ4,4
44,0.2,2012-10-18,2012-09,29.76,8422000000,3631000000,-11401000000,1820000000,0,5036000000,66084000000,0,0,18295000000,0,10038000000,14466000000,3423000000,1624000000,9714000000,0,0,3501000000,5912000000,6393000000,0,1569000000,8423000000,0,19730000000,8329000000,0,9871000000,932000000,2236000000,61608000000,847000000,121876000000,84051000000,31402000000,68836000000,53040000000,121876000000,37825000000,21638000000,0,FY2013.FQ1,1
45,0.23,2013-01-24,2012-12,26.71,8374000000,4356000000,-11773000000,2006000000,0,6017000000,66334000000,0,0,18354000000,0,10707000000,14727000000,3341000000,1661000000,11947000000,0,0,3853000000,5284000000,6329000000,0,1636000000,8397000000,0,20471000000,8698000000,0,14317000000,4236000000,2241000000,62295000000,630000000,128683000000,89574000000,31910000000,72576000000,56107000000,128683000000,39109000000,24197000000,0,FY2013.FQ2,2
46,0.23,2013-04-18,2013-03,28.61,8349000000,4532000000,-12247000000,2205000000,0,5240000000,66826000000,0,0,16511000000,0,11193000000,14682000000,3240000000,2133000000,11949000000,0,0,3818000000,4917000000,7951000000,0,2262000000,9721000000,0,21451000000,9204000000,0,11991000000,7657000000,2246000000,69243000000,689000000,134105000000,93524000000,31929000000,76688000000,57417000000,134105000000,40581000000,25488000000,0,FY2013.FQ3,3
47,0.23,2013-07-30,2013-06,34.55,8328000000,4828000000,-12513000000,1743000000,0,3804000000,67306000000,0,0,20639000000,0,10844000000,14655000000,3083000000,1938000000,12601000000,0,0,3469000000,5020000000,8359000000,0,2392000000,10000000000,0,22504000000,9991000000,0,17486000000,9895000000,2999000000,73218000000,592000000,142431000000,101466000000,37417000000,78944000000,63487000000,142431000000,40965000000,26070000000,0,FY2013.FQ4,4
48,0.23,2013-10-24,2013-09,33.28,8346000000,4841000000,-13038000000,2731000000,0,4023000000,67230000000,0,0,18585000000,0,11995000000,14667000000,2982000000,2613000000,12632000000,0,0,3865000000,5158000000,7063000000,0,2480000000,9587000000,0,23812000000,10774000000,0,11007000000,11680000000,3300000000,76649000000,834000000,142348000000,99450000000,34623000000,81641000000,60707000000,142348000000,42898000000,26084000000,0,FY2014.FQ1,1
49,0.28,2014-01-23,2013-12,37.41,8300000000,5398000000,-13686000000,3277000000,0,10059000000,67476000000,0,0,17616000000,0,14607000000,14680000000,2945000000,1594000000,20676000000,0,0,4235000000,5346000000,7837000000,0,2874000000,9790000000,0,25253000000,11567000000,0,15986000000,14347000000,2300000000,73885000000,591000000,153543000000,106870000000,33742000000,85100000000,68443000000,153543000000,46673000000,34701000000,0,FY2014.FQ2,2
50,0.28,2014-04-24,2014-03,40.99,8260000000,4583000000,-14441000000,3332000000,0,11572000000,67803000000,0,0,17670000000,0,14792000000,14751000000,2901000000,1920000000,20679000000,0,0,4160000000,5164000000,8956000000,0,2898000000,9953000000,0,26212000000,11771000000,0,13497000000,16289000000,2000000000,76853000000,694000000,156119000000,109006000000,33903000000,87424000000,68695000000,156119000000,47113000000,34792000000,0,FY2014.FQ3,3
51,0.28,2014-07-31,2014-06,41.7,8239000000,7432000000,-14793000000,3708000000,0,8669000000,68366000000,0,0,23150000000,0,14597000000,20127000000,6981000000,2660000000,20645000000,0,0,4736000000,6333000000,12261000000,0,3422000000,11594000000,0,27804000000,13011000000,0,19544000000,17710000000,2000000000,77040000000,782000000,172384000000,114246000000,45625000000,89784000000,82600000000,172384000000,58138000000,36975000000,0,FY2014.FQ4,4
52,0.28,2014-10-23,2014-09,46.36,8255000000,6769000000,-15373000000,3757000000,0,6302000000,68362000000,0,0,20713000000,0,13943000000,20081000000,6693000000,3141000000,18472000000,0,0,4539000000,7218000000,11061000000,0,3271000000,11781000000,0,28602000000,13229000000,0,12887000000,18051000000,5248000000,82891000000,903000000,169656000000,112439000000,44694000000,90170000000,79486000000,169656000000,57217000000,34792000000,0,FY2015.FQ1,1
53,0.31,2015-01-26,2014-12,46.45,8218000000,6932000000,-16192000000,3383000000,0,6426000000,68765000000,0,0,19192000000,0,12665000000,21855000000,7299000000,2053000000,18260000000,0,0,4871000000,7874000000,10532000000,0,3060000000,12423000000,0,29799000000,13607000000,0,16186000000,19731000000,10048000000,83823000000,711000000,174848000000,116362000000,47415000000,91879000000,82969000000,174848000000,58486000000,35554000000,0,FY2015.FQ2,2
54,0.31,2015-04-23,2015-03,40.66,8113000000,6690000000,-16839000000,3471000000,0,7414000000,68475000000,0,0,18232000000,0,12019000000,21728000000,6963000000,2469000000,27644000000,0,0,4885000000,8064000000,10844000000,0,3200000000,13274000000,0,31214000000,14375000000,0,12427000000,18186000000,4224000000,88024000000,758000000,176683000000,118398000000,40748000000,90132000000,86551000000,176683000000,58285000000,45803000000,0,FY2015.FQ3,3
55,0.31,2015-07-31,2015-06,44.15,8027000000,6591000000,-17606000000,2522000000,0,5595000000,68465000000,0,0,23223000000,0,12053000000,16939000000,4835000000,2902000000,27808000000,0,0,3390000000,5461000000,11743000000,0,3117000000,13544000000,0,32337000000,14731000000,0,17908000000,9096000000,7484000000,90931000000,606000000,174472000000,122797000000,49647000000,80083000000,94389000000,174472000000,51675000000,44742000000,0,FY2015.FQ4,4
56,0.31,2015-10-22,2015-09,44.26,7986000000,6630000000,-18009000000,1738000000,0,5431000000,68093000000,0,0,21603000000,0,11438000000,17142000000,4745000000,3816000000,27819000000,0,0,4953000000,7041000000,9811000000,0,2869000000,13280000000,0,33055000000,15046000000,0,11444000000,7614000000,10748000000,93924000000,607000000,172896000000,121656000000,49399000000,77445000000,95451000000,172896000000,51240000000,46052000000,0,FY2016.FQ1,1
57,0.36,2016-01-28,2015-12,55.48,7925000000,6936000000,-18008000000,1773000000,0,7185000000,68279000000,0,0,20929000000,0,11514000000,17436000000,4619000000,2702000000,40679000000,0,0,6296000000,7963000000,10535000000,0,2928000000,13700000000,0,33797000000,15789000000,0,14507000000,6728000000,3750000000,95455000000,493000000,180098000000,127812000000,42643000000,76780000000,103318000000,180098000000,52286000000,60675000000,0,FY2016.FQ2,2
58,0.36,2016-04-21,2016-03,55.23,7870000000,6759000000,-18885000000,1840000000,0,7170000000,68012000000,0,0,20876000000,0,11315000000,17948000000,4459000000,2450000000,40896000000,0,0,7691000000,8172000000,10536000000,0,2895000000,14122000000,0,35716000000,16831000000,0,12247000000,4954000000,5498000000,98382000000,685000000,181869000000,128421000000,44354000000,74806000000,107063000000,181869000000,53448000000,62709000000,0,FY2016.FQ3,3
59,0.36,2016-07-28,2016-06,51.17,7808000000,6898000000,-19800000000,1537000000,0,6510000000,68178000000,0,0,27468000000,0,10431000000,17872000000,3733000000,2251000000,40557000000,0,0,7917000000,5892000000,11507000000,0,3416000000,13640000000,0,38156000000,18356000000,0,18277000000,2282000000,12904000000,106730000000,580000000,193468000000,139660000000,59357000000,71997000000,121471000000,193468000000,53808000000,62114000000,0,FY2016.FQ4,4
60,0.36,2016-10-20,2016-09,57.6,7784000000,6296000000,-20885000000,1681000000,0,13928000000,67747000000,0,0,26304000000,0,10486000000,17907000000,3522000000,3122000000,60154000000,0,0,8848000000,6726000000,10954000000,0,3476000000,14340000000,0,40109000000,19224000000,0,11129000000,944000000,14536000000,123004000000,720000000,212524000000,157909000000,58810000000,70372000000,142152000000,212524000000,54615000000,83342000000,0,FY2017.FQ1,1
61,0.39,2017-01-26,2016-12,62.14,7730000000,6580000000,-21888000000,512000000,0,8468000000,68177000000,0,0,26085000000,0,8912000000,34524000000,11001000000,1961000000,59306000000,0,0,9728000000,5864000000,11950000000,0,3845000000,15980000000,0,43267000000,21379000000,0,14343000000,120000000,25664000000,114313000000,508000000,224610000000,144949000000,70787000000,68809000000,155801000000,224610000000,79661000000,85014000000,0,FY2017.FQ2,2
62,0.39,2017-04-27,2017-03,65.86,7723000000,6217000000,-22992000000,644000000,0,6713000000,68554000000,0,0,26518000000,0,7381000000,34668000000,10547000000,1979000000,76222000000,0,0,9680000000,5434000000,10830000000,0,4146000000,17381000000,0,44954000000,21962000000,0,12882000000,531000000,7786000000,119305000000,654000000,225017000000,146313000000,52005000000,69729000000,155288000000,225017000000,78704000000,103283000000,0,FY2017.FQ3,3
63,0.39,2017-08-02,2017-06,68.93,7708000000,7390000000,-24179000000,627000000,0,7663000000,69315000000,0,0,24013000000,0,6023000000,35122000000,10106000000,2181000000,76073000000,0,5372000000,8377000000,5103000000,13503000000,0,6076000000,17034000000,0,54468000000,30289000000,0,22431000000,17769000000,10121000000,125318000000,718000000,250312000000,162696000000,55745000000,87711000000,162601000000,250312000000,87616000000,106856000000,0,FY2017.FQ4,4
64,0.39,2017-10-26,2017-09,73.87,7720000000,6866000000,-25523000000,526000000,0,6884000000,69419000000,0,0,22778000000,0,5343000000,35389000000,9598000000,3211000000,76255000000,0,5768000000,7639000000,4788000000,11831000000,0,6083000000,18173000000,0,57176000000,31653000000,0,14561000000,19702000000,9220000000,131587000000,920000000,249097000000,161031000000,51615000000,89647000000,159450000000,249097000000,88066000000,107835000000,0,FY2018.FQ1,1
65,0.42,2018-01-31,2017-12,85.54,7705000000,7850000000,-26849000000,-399000000,0,12859000000,70192000000,0,0,21309000000,0,3961000000,35355000000,9034000000,2003000000,73348000000,0,5640000000,5686000000,4422000000,12240000000,0,6967000000,34870000000,0,59902000000,33053000000,0,18428000000,8567000000,15912000000,129921000000,788000000,256003000000,167633000000,58099000000,78360000000,177643000000,256003000000,88370000000,119544000000,0,FY2018.FQ2,2
66,0.42,2018-04-26,2018-03,91.27,7690000000,7623000000,-28377000000,-1153000000,0,9221000000,70418000000,0,0,21370000000,0,2818000000,35582000000,8544000000,2084000000,73480000000,0,5751000000,5002000000,5097000000,12649000000,0,7106000000,35892000000,0,63165000000,34788000000,0,17208000000,9974000000,3677000000,123049000000,814000000,245497000000,156659000000,46133000000,79239000000,166258000000,245497000000,88838000000,120125000000,0,FY2018.FQ3,3
67,0.42,2018-08-03,2018-06,98.61,7677000000,8617000000,-29223000000,-2187000000,0,11946000000,71223000000,0,0,28905000000,0,1862000000,35683000000,8053000000,2662000000,72242000000,0,5568000000,4356000000,6855000000,14847000000,0,7442000000,35476000000,0,65369000000,36146000000,0,26481000000,13682000000,3998000000,121718000000,2121000000,258848000000,169662000000,58488000000,82718000000,176130000000,258848000000,89186000000,117642000000,0,FY2018.FQ4,4
68,0.42,2018-10-24,2018-09,114.37,7680000000,8511000000,-30953000000,-2615000000,0,15137000000,71303000000,0,0,26704000000,0,2034000000,35855000000,7579000000,3614000000,69733000000,0,5652000000,5515000000,7311000000,12224000000,0,9792000000,34475000000,0,69117000000,38164000000,0,17390000000,17279000000,6497000000,120743000000,2341000000,257619000000,164195000000,56277000000,85967000000,171652000000,257619000000,93424000000,115375000000,0,FY2019.FQ1,1
69,0.46,2019-01-30,2018-12,101.57,7683000000,7563000000,-33082000000,-2013000000,0,6638000000,77556000000,0,0,24285000000,0,2274000000,41577000000,8482000000,1961000000,69653000000,0,5683000000,5861000000,7571000000,12921000000,0,10129000000,35216000000,0,72605000000,39523000000,0,19680000000,16585000000,3516000000,121024000000,2033000000,258859000000,156874000000,50318000000,92128000000,166731000000,258859000000,101985000000,116413000000,0,FY2019.FQ2,2
70,0.46,2019-04-24,2019-03,117.94,7666000000,7544000000,-35431000000,-1265000000,0,11212000000,77791000000,0,0,24251000000,0,2403000000,41861000000,8103000000,1951000000,66585000000,0,5972000000,5722000000,7049000000,13601000000,0,10258000000,36277000000,0,76200000000,40769000000,0,19269000000,18338000000,6515000000,120406000000,1950000000,263281000000,159887000000,53861000000,94864000000,168417000000,263281000000,103394000000,114556000000,0,FY2019.FQ3,3
71,0.46,2019-08-01,2019-06,133.96,7643000000,9382000000,-35330000000,-340000000,0,11356000000,78520000000,0,0,32676000000,0,2649000000,42026000000,7750000000,2063000000,66662000000,0,6188000000,4763000000,10133000000,16181000000,0,14723000000,37193000000,0,79186000000,43856000000,0,29524000000,24150000000,5516000000,122476000000,5665000000,286556000000,175552000000,69420000000,102330000000,184226000000,286556000000,111004000000,114806000000,0,FY2019.FQ4,4
72,0.46,2019-10-23,2019-09,139.03,7634000000,8574000000,-36971000000,-61000000,0,13117000000,78882000000,0,0,29904000000,0,2684000000,42113000000,7508000000,2622000000,66478000000,0,6659000000,4356000000,7551000000,13183000000,0,14455000000,37283000000,0,83270000000,46299000000,0,19087000000,27240000000,3017000000,123519000000,3440000000,278955000000,165896000000,58118000000,106061000000,172894000000,278955000000,113059000000,114776000000,0,FY2020.FQ1,1
73,0.51,2020-01-29,2019-12,157.7,7611000000,8811000000,-39597000000,-255000000,0,8864000000,79625000000,0,0,27343000000,0,2755000000,42248000000,7126000000,1823000000,63361000000,0,7172000000,4100000000,7473000000,14552000000,0,14630000000,38412000000,0,88558000000,48961000000,0,23525000000,30739000000,6247000000,125389000000,2687000000,282794000000,167074000000,59640000000,110109000000,172685000000,282794000000,115720000000,113045000000,0,FY2020.FQ2,2
74,0.51,2020-04-29,2020-03,157.71,7590000000,9246000000,-41512000000,2676000000,0,11710000000,79813000000,0,0,27012000000,0,2660000000,42064000000,6855000000,1644000000,62862000000,0,7248000000,3570000000,8536000000,15405000000,0,13696000000,38561000000,0,91181000000,49669000000,0,22699000000,32012000000,3748000000,125916000000,3296000000,285449000000,170505000000,58707000000,114501000000,170948000000,285449000000,114944000000,112241000000,0,FY2020.FQ3,3
75,0.51,2020-07-31,2020-06,203.51,7571000000,12530000000,-43197000000,3186000000,0,13576000000,80552000000,0,0,36000000000,0,2965000000,43351000000,7038000000,1895000000,59578000000,0,7671000000,3384000000,11517000000,17901000000,0,13138000000,40064000000,0,96101000000,52904000000,0,32011000000,34566000000,3749000000,122916000000,2130000000,301311000000,181915000000,72310000000,118304000000,183007000000,301311000000,119396000000,110697000000,0,FY2020.FQ4,4
76,0.51,2020-10-27,2020-09,210.33,7564000000,12509000000,-45417000000,3110000000,0,17205000000,81089000000,0,0,33476000000,0,3103000000,43890000000,6923000000,2705000000,57055000000,0,7753000000,3016000000,13544000000,15190000000,0,13034000000,39729000000,0,102391000000,56974000000,0,22851000000,39193000000,6497000000,120772000000,2384000000,301001000000,177077000000,70056000000,123392000000,177609000000,301001000000,123924000000,107553000000,0,FY2021.FQ1,1
77,0.56,2021-01-26,2020-12,222.42,7546000000,12770000000,-47715000000,3367000000,0,14432000000,81896000000,0,0,30402000000,0,3794000000,44219000000,6555000000,1924000000,55136000000,0,8875000000,3159000000,12769000000,17365000000,0,13561000000,39245000000,0,109750000000,62035000000,0,27312000000,44973000000,5387000000,117536000000,1562000000,304137000000,173973000000,67486000000,130236000000,173901000000,304137000000,130164000000,106415000000,0,FY2021.FQ2,2
78,0.56,2021-04-27,2021-03,235.77,7534000000,13412000000,-49681000000,1462000000,0,13702000000,82308000000,0,0,30083000000,0,5395000000,49698000000,8127000000,2245000000,50007000000,0,9272000000,2804000000,12034000000,18482000000,0,14427000000,40098000000,0,115299000000,65618000000,0,26322000000,50735000000,8051000000,111311000000,2165000000,308879000000,165614000000,72193000000,134505000000,174374000000,308879000000,143265000000,102181000000,0,FY2021.FQ3,3
79,0.56,2021-07-29,2021-06,270.9,7519000000,15163000000,-51351000000,1822000000,0,14224000000,83111000000,0,0,41525000000,0,5984000000,49711000000,7800000000,2636000000,50074000000,0,9629000000,2814000000,13471000000,21723000000,0,15075000000,40617000000,0,122154000000,70803000000,0,38043000000,57055000000,8072000000,116032000000,2174000000,333779000000,184406000000,88657000000,141988000000,191791000000,333779000000,149373000000,103134000000,0,FY2021.FQ4,4
80,0.56,2021-10-26,2021-09,281.92,7510000000,14832000000,-52469000000,1283000000,0,19165000000,83751000000,0,0,38465000000,0,6393000000,50455000000,7794000000,3411000000,50039000000,0,10050000000,2762000000,12982000000,17710000000,0,21103000000,40061000000,0,127816000000,75347000000,0,27349000000,66944000000,3249000000,111419000000,6272000000,335418000000,174326000000,80528000000,151978000000,183440000000,335418000000,161092000000,102912000000,0,FY2022.FQ1,1
81,0.62,2022-01-25,2021-12,336.32,7500000000,15314000000,-55277000000,437000000,0,20604000000,84528000000,0,0,34001000000,0,6994000000,50921000000,7462000000,3019000000,48260000000,0,10774000000,2967000000,12301000000,19466000000,0,21256000000,40868000000,0,134845000000,79568000000,0,33520000000,75045000000,4998000000,104744000000,3731000000,340389000000,174188000000,77510000000,160010000000,180379000000,340389000000,166201000000,102869000000,0,FY2022.FQ2,2
82,0.62,2022-04-26,2022-03,308.31,7483000000,16085000000,-58053000000,-2476000000,0,12498000000,85767000000,0,0,34027000000,0,6907000000,67371000000,11348000000,3296000000,48177000000,0,11357000000,3073000000,13353000000,20932000000,0,21845000000,41637000000,0,141267000000,83214000000,0,32613000000,79633000000,1749000000,92162000000,4646000000,344607000000,153922000000,77439000000,162924000000,181683000000,344607000000,190685000000,104244000000,0,FY2022.FQ3,3
83,0.62,2022-07-28,2022-06,256.83,7464000000,19000000000,-59660000000,-4678000000,0,13931000000,86939000000,0,0,45538000000,0,6891000000,67524000000,11298000000,3742000000,47032000000,0,11489000000,3100000000,16932000000,23728000000,0,21897000000,41595000000,0,147206000000,87546000000,0,44261000000,84281000000,2749000000,90818000000,4067000000,364840000000,169684000000,95082000000,166542000000,198298000000,364840000000,195156000000,103216000000,0,FY2022.FQ4,4
84,0.62,2022-10-25,2022-09,232.9,7457000000,16609000000,-60638000000,-7343000000,0,22884000000,88535000000,0,0,41340000000,0,6839000000,67459000000,10808000000,4268000000,45374000000,0,11660000000,2772000000,18021000000,19463000000,0,23482000000,39023000000,0,151022000000,90384000000,0,31279000000,92374000000,3248000000,84360000000,6729000000,359784000000,160812000000,87389000000,173566000000,186218000000,359784000000,198972000000,98829000000,0,FY2023.FQ1,1
85,0.68,2023-01-24,2022-12,239.82,7447000000,15354000000,-63459000000,-6457000000,0,15646000000,90225000000,0,0,36982000000,0,7097000000,67905000000,10355000000,2980000000,44119000000,0,11998000000,2933000000,19515000000,21832000000,0,24993000000,40648000000,0,159838000000,96379000000,0,35833000000,99368000000,3997000000,83849000000,3553000000,364552000000,157823000000,81718000000,183136000000,181416000000,364552000000,206729000000,99698000000,0,FY2023.FQ2,2
86,0.68,2023-04-25,2023-03,288.3,7437000000,15305000000,-65998000000,-5644000000,0,26562000000,92093000000,0,0,36903000000,0,9415000000,67940000000,9879000000,2877000000,41965000000,0,12312000000,3000000000,19173000000,23075000000,0,26954000000,42437000000,0,168009000000,102011000000,0,37420000000,108234000000,6245000000,77857000000,4163000000,380088000000,163889000000,85691000000,194683000000,185405000000,380088000000,216199000000,99714000000,0,FY2023.FQ3,3
87,0.68,2023-07-27,2023-06,340.54,7432000000,18095000000,-68251000000,-6343000000,0,34704000000,93718000000,0,0,50901000000,0,9879000000,67886000000,9366000000,2500000000,41990000000,0,12728000000,3345000000,21813000000,25754000000,0,30601000000,43541000000,0,178238000000,109987000000,0,48688000000,118848000000,5247000000,76552000000,4152000000,411976000000,184257000000,104149000000,206223000000,205753000000,411976000000,227719000000,101604000000,0,FY2023.FQ4,4
88,0.68,2023-10-24,2023-09,315.75,7431000000,19307000000,-69486000000,-6937000000,0,80452000000,95508000000,0,0,46429000000,0,11423000000,67790000000,8895000000,3000000000,41946000000,0,13487000000,3229000000,23688000000,21465000000,0,32154000000,41617000000,0,187423000000,117937000000,0,36953000000,132143000000,29556000000,63493000000,8035000000,445785000000,207586000000,124792000000,220714000000,225071000000,445785000000,238199000000,100279000000,0,FY2024.FQ1,1
89,0.75,2024-01-30,2023-12,376.04,7431612000,17695000000,-72949000000,-4949000000,0,17305000000,97480000000,0,0,43068000000,0,13367000000,118931000000,29896000000,1615000000,44928000000,0,14155000000,5514000000,21965000000,25175000000,0,32265000000,46677000000,0,201655000000,128706000000,0,42831000000,145737000000,29291000000,63677000000,5787000000,470558000000,147393000000,121016000000,238268000000,232290000000,470558000000,323165000000,111274000000,0,FY2024.FQ2,2
90,0.75,2024-04-25,2024-03,420.72,7432306000,18087000000,-74945000000,-5435000000,0,19634000000,99193000000,0,0,41888000000,0,14807000000,119163000000,28828000000,1304000000,42658000000,0,14469000000,5414000000,21834000000,28455000000,0,35551000000,50057000000,0,213691000000,138746000000,0,44029000000,159394000000,22784000000,60379000000,7311000000,484275000000,147180000000,118525000000,253152000000,231123000000,484275000000,337095000000,112598000000,0,FY2024.FQ3,3
91,0.75,2024-07-30,2024-06,446.95,7434139000,21996000000,-76421000000,-5590000000,0,18315000000,100923000000,0,0,57582000000,0,14600000000,119220000000,27597000000,1246000000,42688000000,0,15497000000,5220000000,26033000000,31749000000,0,36460000000,54995000000,0,230973000000,154552000000,0,56924000000,173144000000,8942000000,57216000000,5017000000,512163000000,159734000000,125286000000,268477000000,243686000000,512163000000,352429000000,118400000000,0,FY2024.FQ4,4
92,0.75,2024-10-30,2024-09,430.3,7436000000,22768000000,-80517000000,-4182000000,0,20840000000,102976000000,0,0,53026000000,0,15778000000,119374000000,26751000000,1626000000,42868000000,0,16361000000,5244000000,25723000000,27440000000,0,37793000000,55617000000,0,253908000000,173391000000,0,44148000000,188929000000,2249000000,57589000000,9717000000,523013000000,149926000000,115200000000,287723000000,235290000000,523013000000,373087000000,120090000000,0,FY2025.FQ1,1
93,0.83,2025-01-29,2024-12,421.5,7435257000,22608000000,-82820000000,-5616000000,0,17482000000,104829000000,0,0,45508000000,0,15581000000,119191000000,25385000000,909000000,39722000000,0,17254000000,5050000000,26432000000,29462000000,0,36943000000,60295000000,0,272538000000,189718000000,0,48188000000,203482000000,5248000000,54069000000,6056000000,533898000000,147080000000,108882000000,302695000000,231203000000,533898000000,386818000000,122321000000,0,FY2025.FQ2,2
94,0.83,2025-04-30,2025-03,375.39,7433982000,26250000000,-87074000000,-4833000000,0,28828000000,106965000000,0,0,44636000000,0,15762000000,119329000000,23968000000,848000000,39882000000,0,17686000000,5362000000,24484000000,33516000000,0,38507000000,63597000000,0,295488000000,208414000000,0,51700000000,219759000000,2999000000,50784000000,6805000000,562624000000,156644000000,114206000000,321891000000,240733000000,562624000000,405980000000,126527000000,0,FY2025.FQ3,3
